0,0,1.095,0,0,0,1,0.0,0.0,-0.411354,0.859395,-0.448041,-0.001708,0.0,0.0,-0.411354,0.859395,-0.448041,-0.001708,0,0.006761,0.25847,0.173046,-0.0002,-0.525366,0,0,0.1,0,0,0,0,0,0,0,-0.25847,-0.173046,0.0002,-0.525366,0,0,0.1,0,0,0,0,0,0,0,0,0
-0.028822404635487638,0.00988135685104202,1.0754400779119808,1.8673108948717663e-19,9.355423278786117e-20,-5.361287694187783e-21,1.0,-9.937172166536803e-19,-0.01589368787554099,-0.5114122593955964,0.9773167274711534,-0.465904468075557,0.014185687875540988,-8.227954948295468e-20,-0.015893687875540977,-0.5114122593955965,0.9773167274711535,-0.465904468075557,0.014185687875540975,-0.00108197620721862,0.00577018285676806,-0.5653607794407088,0.21846802465067594,0.3378568577189139,-2.17808364002365,0.04307139943011762,0.08809694593321594,-0.23601994581810146,0.0,0.0,0.0,0.0,0.0,0.0,0.0,-0.26586779681313294,-0.15739537881045845,0.0028801536673350205,-0.5096010705088115,-0.00033624290046640115,0.0009813789448866008,0.10234754309864538,0.0,0.0,0.0,0.0,0.0,0.0,0.0,0.7605272215561,0.5903784103646743
-0.02639246522272238,0.008893969915422005,1.074155718712187,3.556275935610531e-06,1.2534461150289667e-06,1.254025487706712e-05,0.9999999999142619,-1.5801970741878096e-05,-0.01436624512612355,-0.5116397427919638,0.986207142811032,-0.4745654029894554,0.012678645780923748,-1.6581106266846853e-05,-0.014375597293477394,-0.5116605460629489,0.986218341394056,-0.47453635620950824,0.01265408449267704,0.07365308328580442,-0.0534287192735725,-0.6009100683440378,0.28524605865880437,0.2511278080703431,-2.17808364002365,2.3876104167265,-0.6755786003787497,-0.11525549172094834,0.0,0.0,0.0,0.0,0.0,0.0,0.0,-0.26586779681313294,-0.15739537881045845,0.0028801536673350205,-0.5096010705088115,-0.00033624290046640115,0.0009813789448866008,0.10234754309864538,0.0,0.0,0.0,0.0,0.0,0.0,0.0,0.7605272215561,0.6327142324553225
-0.0016600143516759525,0.01531947441833437,1.0737020616529493,-3.869524076859976e-06,1.1078485537099661e-06,-7.725513428108607e-06,0.9999999999620579,1.910046012427427e-05,-0.02471381919799867,-0.47543165944121774,0.994145235742881,-0.5187112847565727,0.02301264575836718,-6.155695680408684e-06,-0.024695514515357554,-0.47543339243096333,0.9941333759872483,-0.5186916108318217,0.022989436673152328,-0.8810033333052307,-0.202894525544075,-0.7575159333411855,0.2242495976240206,0.27375422702891916,-2.17808364002365,2.3300195083986193,-0.4233763959215452,-0.01608777955273744,0.0,0.0,0.0,0.0,0.0,0.0,0.0,-0.26586779681313294,-0.15739537881045845,0.0028801536673350205,-0.5096010705088115,-0.00033624290046640115,0.0009813789448866008,0.10234754309864538,0.0,0.0,0.0,0.0,0.0,0.0,0.0,0.7605272215561,0.4214700545994112
-0.008269251417794433,0.025657150159218375,1.0776031785027294,2.391817553923005e-19,6.30063332451521e-20,-1.177549633085573e-20,1.0,-6.470910784118658e-16,-0.041105577898272995,-0.4738156000404139,0.9673497776803532,-0.4935341776399392,0.03939757789827302,-6.283296299773602e-16,-0.04110557789825417,-0.4738156000403567,0.9673497776802827,-0.4935341776399257,0.03939757789825416,-1.1937675571775928,0.06728973037103611,-0.5555196248784696,0.21360541893149967,0.32980855889172983,-2.177300826218785,-1.6253144438741132,0.20320815072252382,0.19790675501636826,0.0,0.0,0.0,0.0,0.0,0.0,0.0,-0.26586779681313294,-0.15739537881045845,0.0028801536673350205,-0.5096010705088115,-0.00033624290046640115,0.0009813789448866008,0.10234754309864538,0.0,0.0,0.0,0.0,0.0,0.0,0.0,0.7605272215561,0.6080998721053544
-0.006504685786493001,0.012965074928408173,1.074330249798732,6.0918217989909745e-15,-9.380882976429725e-15,-7.039435977941671e-15,1.0,-5.83826686500997e-12,-0.020889759284598616,-0.4813218323173571,0.9899336253105091,-0.5086117929937668,0.0191817592827968,-4.235387784062139e-12,-0.020889759287170906,-0.4813218323326289,0.9899336253390614,-0.5086117930070233,0.01918175928680395,-1.0256233848804277,-0.12316758950427033,-0.5365373115133729,0.22415351592995547,0.3653046453501655,-2.1764729352403083,-2.0377682624080555,0.1907734367622458,0.20160424247656797,0.0,0.0,0.0,0.0,0.0,0.0,0.0,-0.26586779681313294,-0.15739537881045845,0.0028801536673350205,-0.5096010705088115,-0.00033624290046640115,0.0009813789448866008,0.10234754309864538,0.0,0.0,0.0,0.0,0.0,0.0,0.0,0.7575408402163994,0.6365968219474829
-0.020638557318156253,0.015176900155946658,1.0753012805662923,-8.314330613539349e-09,-1.1053656455113333e-08,1.867240193942423e-08,0.9999999999999997,-3.003076799188044e-08,-0.024413924743271125,-0.49967295058959776,0.980376608365015,-0.48070365914895,0.022705901002491972,-2.5192152903779285e-08,-0.02441392713554578,-0.49967291874289704,0.9803765665941725,-0.48070365417693256,0.02270592608958981,-0.571439946420051,-0.005674002252820236,-0.45967651717370855,0.3031033072603228,0.32725874042571457,-2.17808364002365,-2.092116629732139,-0.06582076357943978,-0.032657930912321775,0.0,0.0,0.0,0.0,0.0,0.0,0.0,-0.26586779681313294,-0.15739537881045845,0.0028801536673350205,-0.5096010705088115,-0.00033624290046640115,0.0009813789448866008,0.10234754309864538,0.0,0.0,0.0,0.0,0.0,0.0,0.0,0.7605272215561,0.6336243130593768
-0.018101988372884664,0.002424936332953739,1.0735231398392329,2.3141676169390915e-06,5.6489935830961543e-08,1.2030490566524037e-06,0.999999999996597,2.308775003236024e-06,-0.00392091469979928,-0.5013995684246255,0.9929315751947234,-0.4915344805309891,0.0022116072062678908,4.353941805346493e-06,-0.003920373236595624,-0.5014051303745595,0.9929499905695441,-0.4915476861884097,0.0022071209027885105,0.8925645912490272,-0.202894525544075,-0.5159893471336643,0.20018225916218202,0.3927450511502923,-2.17808364002365,-1.7478089557768703,0.18883921499897263,0.27671510528016274,0.0,0.0,0.0,0.0,0.0,0.0,0.0,-0.26586779681313294,-0.15739537881045845,0.0028801536673350205,-0.5096010705088115,-0.00033624290046640115,0.0009813789448866008,0.10234754309864538,0.0,0.0,0.0,0.0,0.0,0.0,0.0,0.7605272215561,0.6926662016026479
-0.019033179348694772,-0.0015340301171475194,1.0734942197308461,3.6912835143713772e-09,-2.0282635712298097e-10,-1.5704054839081876e-10,1.0,-5.51971067095883e-08,0.002475620768797412,-0.5028655912227923,0.9928543788977404,-0.4899887786299301,-0.0041836263304748204,3.199093234972593e-08,0.0024755504152572817,-0.5028653723811155,0.9928539175515845,-0.48998855055979557,-0.0041835491880553915,1.0861458839024254,-0.17028553109064562,-0.5076211809774263,0.2120093503404871,0.3980375460341006,-2.17808364002365,-1.9019168688662123,0.17678267591940036,0.36724354487524025,0.0,0.0,0.0,0.0,0.0,0.0,0.0,-0.26586779681313294,-0.15739537881045845,0.0028801536673350205,-0.5096010705088115,-0.00033624290046640115,0.0009813789448866008,0.10234754309864538,0.0,0.0,0.0,0.0,0.0,0.0,0.0,0.7605272215561,0.7221247390362207
-0.047567023039367023,-0.0341924641132348,1.0870269484145325,1.6698933167954175e-06,-3.4365470371324637e-07,1.3447329950832125e-06,0.9999999999976424,-1.326545487816003e-06,0.053935311466880145,-0.49983702071528524,0.8893333139107946,-0.38949541629239887,-0.05564090202803906,9.603928758475859e-07,0.05393710290551616,-0.49983465447407116,0.8893284563424063,-0.38949320528832204,-0.05564651356901972,0.6662134099095819,0.4999296228555087,-0.32682389774227355,0.7866082412084262,0.2499353318182179,-2.158276072855369,0.36889406456651,-0.39171603073135297,0.08944897866989562,0.0,0.0,0.0,0.0,0.0,0.0,0.0,-0.26586779681313294,-0.15739537881045845,0.0028801536673350205,-0.5096010705088115,-0.00033624290046640115,0.0009813789448866008,0.10234754309864538,0.0,0.0,0.0,0.0,0.0,0.0,0.0,0.7605272215561,0.7052219412123756
-0.03734909894414327,-0.05424108968158097,1.104801237810867,1.5203405863298838e-11,-9.724670697764368e-12,-1.220014203886897e-11,1.0,1.2261615224718047e-09,0.08312467624266558,-0.42278061202311606,0.7596091213530007,-0.33682850896634714,-0.08483267634597678,8.058644488729612e-10,0.08312467804051038,-0.42278067000631114,0.759609253793893,-0.3368285837165134,-0.08483267826720603,1.1758520967311707,0.7015147016353085,-0.5913656554150831,0.34862749637941015,0.20090053252214696,-2.17808364002365,2.20216800232288,-0.7349666717220541,-0.3342366462707064,0.0,0.0,0.0,0.0,0.0,0.0,0.0,-0.26586779681313294,-0.15739537881045845,0.0028801536673350205,-0.5096010705088115,-0.00033624290046640115,0.0009813789448866008,0.10234754309864538,0.0,0.0,0.0,0.0,0.0,0.0,0.0,0.7605272215561,0.6442906231263508
-0.028259731034122236,-0.006571128596060485,1.073306764193885,-1.2941240855791447e-09,1.3576806714492263e-09,-2.250684468664366e-09,1.0,2.037766147044605e-09,0.010606255213609877,-0.5167409279608948,0.9906718210974245,-0.47393089012103756,-0.012314248707610526,-3.8785837855192315e-09,0.010606254272256753,-0.5167409222052464,0.9906717976896106,-0.4739308833512502,-0.012314251581238693,1.1728275225764164,-0.12018673262622048,-0.7490744554957527,0.24158623671868387,0.2610560648611263,-2.17808364002365,2.151812292367835,-0.6511585507741974,-0.25028041242052507,0.0,0.0,0.0,0.0,0.0,0.0,0.0,-0.26586779681313294,-0.15739537881045845,0.0028801536673350205,-0.5096010705088115,-0.00033624290046640115,0.0009813789448866008,0.10234754309864538,0.0,0.0,0.0,0.0,0.0,0.0,0.0,0.7605272215561,0.4981834355547756
-0.01715277039901129,0.0344320653229309,1.045325341021021,1.5213454635355258e-06,-1.6259511906003287e-07,-3.8311020933905137e-07,0.9999999999987561,-1.449909305644928e-06,-0.05815102010038258,-0.5702615801063108,1.145602194713913,-0.5753433748086716,0.05644340997042734,6.488165607311674e-06,-0.05814936916490408,-0.5702602141048714,1.1456028555775997,-0.5753387011769311,0.05643708322942543,-0.6051370597210971,-0.202894525544075,-1.2935801249619465,1.5523867482235587,0.42780162174495545,-1.377853518181167,2.008292691429841,0.47685724488796777,-0.5394426455273584,0.0,0.0,0.0,0.0,0.0,0.0,0.0,-0.26586779681313294,-0.15739537881045845,0.0028801536673350205,-0.5096010705088115,-0.00033624290046640115,0.0009813789448866008,0.10234754309864538,0.0,0.0,0.0,0.0,0.0,0.0,0.0,0.13701183020149102,0.033548284555215836
-0.025845824227002635,0.0173698777285369,1.0503517819002017,-4.998342448364448e-07,2.062599915346946e-07,-2.225891547300429e-07,0.999999999999829,2.911996414285157e-06,-0.029104718803090495,-0.5731792062676303,1.1203111234192893,-0.5471308774864267,0.027398918636249596,-3.039274819800996e-06,-0.029105925292896705,-0.5731874588830008,1.1203254376578284,-0.5471342858127617,0.027400836781589145,-1.1277995297531085,-0.202894525544075,-0.8948967474271406,1.5763040897491953,-0.03219966043304829,-0.2304817733732661,0.6541801053464696,-0.11660403795462251,-0.5330266287792061,0.0,0.0,0.0,0.0,0.0,0.0,0.0,-0.26586779681313294,-0.15739537881045845,0.0028801536673350205,-0.5096010705088115,-0.00033624290046640115,0.0009813789448866008,0.10234754309864538,0.0,0.0,0.0,0.0,0.0,0.0,0.0,0.3445791702409935,0.7052120442301327
-0.0051576653748434355,0.03596075330599919,1.0308789697790857,-7.076005430553693e-17,1.001741214528834e-18,-1.5246108879569591e-18,1.0,1.1778103464364837e-12,-0.062232102967164714,-0.5843024986516208,1.2212966233594158,-0.6369941247076206,0.06052410296731901,1.0453987573556317e-11,-0.06223210298106936,-0.5843024984892042,1.2212966230178992,-0.6369941245271004,0.060524102981173264,-1.0925581688057786,-0.0947072235127727,-1.4346014300401377,2.3034468880975707,0.24452034491382663,-0.08177235937469475,-0.05751619978288599,-1.2969135064617272,-0.6043684639430259,0.0,0.0,0.0,0.0,0.0,0.0,0.0,-0.26586779681313294,-0.15739537881045845,0.0028801536673350205,-0.5096010705088115,-0.00033624290046640115,0.0009813789448866008,0.10234754309864538,0.0,0.0,0.0,0.0,0.0,0.0,0.0,-0.1432984835000332,0.2251984262024014
-0.022053523700662166,0.07178692728114276,1.0527938033007251,-2.1214404653935754e-09,5.056654434362033e-10,-7.597746044561406e-10,1.0,-5.9538140784973045e-09,-0.11927136921004293,-0.5510592961856638,1.0862720696889485,-0.5352127735926867,0.11756337050034148,1.8667594902116514e-09,-0.11927134848466277,-0.5510593301191431,1.0862721594954767,-0.5352128293229023,0.1175633497475872,-1.1836480737397486,0.2876615807186874,-1.3516213359504947,2.1680924216960324,-0.2063387721049098,-0.15957383731416697,2.379246994039948,1.301579289679,-0.6466444878640999,0.0,0.0,0.0,0.0,0.0,0.0,0.0,-0.26586779681313294,-0.15739537881045845,0.0028801536673350205,-0.5096010705088115,-0.00033624290046640115,0.0009813789448866008,0.10234754309864538,0.0,0.0,0.0,0.0,0.0,0.0,0.0,-0.1353280018847412,0.5109041908609601
-0.03162735787625249,0.04576998867768115,1.032182291131188,-2.539204422172006e-06,-1.4877155485293613e-07,3.383069853670327e-07,0.9999999999967079,-5.377545194839733e-06,-0.07894848370531794,-0.6223096439373874,1.2046101279749657,-0.58230056828282,0.07724054765044755,5.596246779290818e-07,-0.0789458278234681,-0.6223124985538366,1.2046229613211068,-0.5823075015131047,0.07724733828927953,-0.37506165450893697,-0.0038112594348547694,-1.4845034101766041,2.5110698786218273,-0.3167192200179534,-1.0948946804232842,1.9203033175529785,0.2516043116417028,-0.19875857029684058,0.0,0.0,0.0,0.0,0.0,0.0,0.0,-0.26586779681313294,-0.15739537881045845,0.0028801536673350205,-0.5096010705088115,-0.00033624290046640115,0.0009813789448866008,0.10234754309864538,0.0,0.0,0.0,0.0,0.0,0.0,0.0,-0.18456856839809999,-0.19614321673892718
-0.06654171821662415,-0.03134816445885989,1.053390045570379,-1.2101025128232751e-05,-2.4876464423939248e-06,-1.0512059667855846e-05,0.9999999998684367,-2.669046448297263e-06,0.0522641152388155,-0.6218131829290632,1.0797011738912243,-0.457877334342854,-0.053961052969710405,-2.209386373232867e-06,0.05226762655961319,-0.6217640103802622,1.0796074095809844,-0.457836798108462,-0.053963986372302895,0.5074013671455186,0.5113801068624176,-0.09410267410421373,2.720841846289321,0.03816242856732135,-1.7930034060464142,1.4303567538757875,-0.2856686688209253,0.2805371782537907,0.0,0.0,0.0,0.0,0.0,0.0,0.0,-0.26586779681313294,-0.15739537881045845,0.0028801536673350205,-0.5096010705088115,-0.00033624290046640115,0.0009813789448866008,0.10234754309864538,0.0,0.0,0.0,0.0,0.0,0.0,0.0,0.20304362757840475,0.8025911365628042
-0.024777792659322524,-0.014416600730803829,1.0385692687075512,-3.1444784654911447e-06,-5.745170774445699e-06,7.0763383574019015e-06,0.9999999999535153,1.0926189641071316e-05,0.0246423413528373,-0.6003936930545156,1.1827962591598946,-0.5823811213225586,-0.026361815975765215,-1.5410613401260778e-05,0.02466738173922255,-0.6003767809325473,1.1827931626161932,-0.5824058451605534,-0.02636952691793087,1.0689433541047009,0.14779050510626976,0.19031327651569738,2.799508120198249,0.37015640325808236,-2.110582716422118,0.6312809125748507,-0.01118972716959787,0.12278697901075371,0.0,0.0,0.0,0.0,0.0,0.0,0.0,-0.26586779681313294,-0.15739537881045845,0.0028801536673350205,-0.5096010705088115,-0.00033624290046640115,0.0009813789448866008,0.10234754309864538,0.0,0.0,0.0,0.0,0.0,0.0,0.0,0.35711247051909784,0.8668655229433095
-0.03760861560089915,-0.026428144238471445,1.0392391665462997,-3.5083265817294026e-06,2.8847795769474584e-06,-8.259084357969263e-06,0.9999999999555786,2.5381397537213807e-05,0.04512370630720379,-0.6174928365667015,1.172454396743372,-0.5549655312004114,-0.04682185667612298,-6.723710519716667e-06,0.045140357559225186,-0.6175099733039773,1.1724571084241637,-0.554950712134853,-0.04685162135621926,1.0998061084174076,0.24106330476411195,-0.239831058916648,2.768323867231951,0.5551555966105517,-2.143905531333734,-2.2391112627776577,-1.1421263635253693,-0.32162516801934304,0.0,0.0,0.0,0.0,0.0,0.0,0.0,-0.26586779681313294,-0.15739537881045845,0.0028801536673350205,-0.5096010705088115,-0.00033624290046640115,0.0009813789448866008,0.10234754309864538,0.0,0.0,0.0,0.0,0.0,0.0,0.0,-0.06709087837170277,0.4085401803142641
-0.0253272217278691,-0.017030160370090423,1.043785182252905,2.0723485999727519e-07,-1.8848050259205968e-06,-2.495284324767552e-07,0.9999999999981711,-2.58149750850032e-06,0.02885405586519052,-0.588563933817057,1.1553051381532264,-0.5667387571321776,-0.030565465845004105,-3.13276669322274e-07,0.02885520691088562,-0.588560779872647,1.1552972471760319,-0.5667348785019153,-0.030563256483525467,0.2639976500582285,0.15856425040052208,0.1772779765482379,2.161874654087935,0.08059626398067389,-1.7061024834501268,-0.6351921249331309,0.8995093637172482,-0.21335147084164705,0.0,0.0,0.0,0.0,0.0,0.0,0.0,-0.26586779681313294,-0.15739537881045845,0.0028801536673350205,-0.5096010705088115,-0.00033624290046640115,0.0009813789448866008,0.10234754309864538,0.0,0.0,0.0,0.0,0.0,0.0,0.0,0.29917953714925016,1.1297410305651543
-0.05773173792170641,-0.048443802032964035,1.0638547266650267,1.953477802875477e-06,-1.3761895740239823e-07,-1.2614317238090883e-06,0.9999999999972868,5.294130172737634e-06,0.07922974411190731,-0.5785107903488564,1.020073781804426,-0.4415636366965161,-0.08093604309404208,3.506211447212923e-07,0.07923267609055268,-0.578513526795807,1.0200754433990045,-0.4415611970922129,-0.08094305194702378,0.4320639504522277,0.6075838515167422,-0.020402501873139276,1.9917235061827734,-0.08311616838431225,-0.9481788315803868,-0.7327330352269792,-0.04984764244580952,0.33327022814578755,0.0,0.0,0.0,0.0,0.0,0.0,0.0,-0.26586779681313294,-0.15739537881045845,0.0028801536673350205,-0.5096010705088115,-0.00033624290046640115,0.0009813789448866008,0.10234754309864538,0.0,0.0,0.0,0.0,0.0,0.0,0.0,0.1198017038348959,1.24354709205
-0.029145724263513348,-0.029269331148800287,1.049291646536269,1.440758653383115e-06,-4.5224679347252967e-07,-9.528583733545772e-07,0.9999999999984058,1.9459093883073886e-05,0.04910673551737933,-0.5797089738941542,1.1224251950215849,-0.5427097283526223,-0.05082116932673087,3.455851909290927e-06,0.04911610159829777,-0.5797069994609743,1.1224011077255887,-0.5426888279285316,-0.05083110348755247,0.24281766572392313,0.1873163505015615,0.007785946932030457,1.9303707547116378,-0.17496586095947914,-0.994774333403713,-2.06497423595725,-0.14516039189659402,0.590600416940206,0.0,0.0,0.0,0.0,0.0,0.0,0.0,-0.26586779681313294,-0.15739537881045845,0.0028801536673350205,-0.5096010705088115,-0.00033624290046640115,0.0009813789448866008,0.10234754309864538,0.0,0.0,0.0,0.0,0.0,0.0,0.0,0.28062241778760105,1.24354709205
-0.03085551684450825,-0.07195595311977047,1.0945798810000522,4.5030716635071606e-07,-1.8778035615464764e-06,-1.7650300984015836e-06,0.9999999999965778,-3.159810702946681e-07,0.11181749587188512,-0.44357834493079995,0.8253431332011054,-0.3817643180345464,-0.11352660859105788,-1.1499559269982626e-06,0.11182201055138397,-0.44359788299156655,0.8253837167904428,-0.38178387049903323,-0.11352247840107443,0.9137411651075288,0.709040008623075,-0.40807557823580326,1.5302029288495154,-0.5404494111257864,-0.33453316114288706,-1.459944424317428,-0.8338850941057018,0.6108969090991593,0.0,0.0,0.0,0.0,0.0,0.0,0.0,-0.26586779681313294,-0.15739537881045845,0.0028801536673350205,-0.5096010705088115,-0.00033624290046640115,0.0009813789448866008,0.10234754309864538,0.0,0.0,0.0,0.0,0.0,0.0,0.0,0.7601662241646746,1.24354709205
-0.05114139028573131,-0.07952654535856954,1.068625135255196,-8.885597795861749e-07,-5.005280668588722e-07,1.4269961909376384e-06,0.9999999999984618,-5.648209112256195e-06,0.12863580830941632,-0.5471944695071504,0.9769636851661253,-0.4297700535410028,-0.1303432479131906,-1.072812258823314e-05,0.1286290854090392,-0.5472093411456214,0.9769845004832604,-0.42977636956950577,-0.13033540378098118,1.193805208368,0.5333699176710274,-1.0301795800491658,2.315495028217455,-0.5073479582170994,-0.6954465825526424,-2.0954954198919795,-0.5623854630901022,0.3388900044244721,0.0,0.0,0.0,0.0,0.0,0.0,0.0,-0.26586779681313294,-0.15739537881045845,0.0028801536673350205,-0.5096010705088115,-0.00033624290046640115,0.0009813789448866008,0.10234754309864538,0.0,0.0,0.0,0.0,0.0,0.0,0.0,-0.17139504166402944,0.4155403188018434
-0.07582859504734278,-0.081835063110625,1.0787256748448362,3.684703210748935e-07,-2.021410649067103e-06,4.2203484865902423e-07,0.9999999999978,-7.414261433823514e-07,0.13020577018578805,-0.5465263904436082,0.8935008354330191,-0.34697360866057575,-0.13191336335806284,3.4714430284038096e-06,0.13020151505395477,-0.5465294062764672,0.8935106859743043,-0.34698074679061575,-0.13191180706497277,1.1682683243703913,0.709040008623075,-1.5118914645353247,2.7071324529480236,-1.1653886756930543,-0.8390947625615129,-0.5026623105736511,0.5915382725518797,-0.050130249802597754,0.0,0.0,0.0,0.0,0.0,0.0,0.0,-0.26586779681313294,-0.15739537881045845,0.0028801536673350205,-0.5096010705088115,-0.00033624290046640115,0.0009813789448866008,0.10234754309864538,0.0,0.0,0.0,0.0,0.0,0.0,0.0,-0.18456856839809999,0.05122677863286084
-0.032297751930708565,-0.01553862183947661,1.0290859533529901,1.5478322970465016e-14,-1.949048616328232e-14,-7.134126723022844e-15,1.0,-3.721158414137319e-09,0.027002550538839112,-0.6343036943716696,1.2277375210733437,-0.5934338261712602,-0.02871055064625853,-9.789307277945899e-10,0.027002553029163566,-0.6343036870971044,1.2277375035479139,-0.5934338163258545,-0.028710553037756537,1.193805208368,-0.08242934974649116,-1.2846498731968599,2.687152317441257,-1.8744585684989983,-0.9694182403616792,2.3876104167265,1.2986381656774395,0.6466444878640999,0.0,0.0,0.0,0.0,0.0,0.0,0.0,-0.26586779681313294,-0.15739537881045845,0.0028801536673350205,-0.5096010705088115,-0.00033624290046640115,0.0009813789448866008,0.10234754309864538,0.0,0.0,0.0,0.0,0.0,0.0,0.0,-0.18456856839809999,0.7651710099595795
-0.050169889850497744,-0.029117799788299984,1.0313714429435314,-1.2019072670264326e-09,-1.5882900177770197e-10,1.1164287251123499e-10,1.0,-4.34354759424098e-09,0.05036587347277695,-0.6548374692378465,1.205685565159871,-0.5508480956031058,-0.05207386813107541,6.502313704798316e-10,0.05036599285811133,-0.654834853953796,1.2056776035887018,-0.5508427502054639,-0.05207399179220859,1.193805208368,0.022614423190832043,-1.4760414870509597,2.4173814690004978,-2.3018693396552403,-0.17957838567481021,2.3434726330620808,-1.2986134280821477,-0.6204227297284077,0.0,0.0,0.0,0.0,0.0,0.0,0.0,-0.26586779681313294,-0.15739537881045845,0.0028801536673350205,-0.5096010705088115,-0.00033624290046640115,0.0009813789448866008,0.10234754309864538,0.0,0.0,0.0,0.0,0.0,0.0,0.0,-0.1687394945542398,0.28797764406188486
-0.02636170071522732,-0.006338250209763534,1.03026352156992,-1.9021205112309188e-14,-3.9299969089465754e-17,-7.221063288327666e-22,1.0,-3.5542059191430945e-09,0.010993814383580928,-0.6226467501257142,1.2248399294123617,-0.6021931799480925,-0.012701814096662236,2.55031987236522e-09,0.010993823823492378,-0.6226463416263143,1.2248392116299267,-0.6021928711357832,-0.012701821348574538,1.193805208368,-0.14977886270115642,-1.3015609775823787,2.743695955056626,-2.2638982810924824,-1.4127199057445832,-0.6887917130397936,-1.301402480521109,0.5931693937620796,0.0,0.0,0.0,0.0,0.0,0.0,0.0,-0.26586779681313294,-0.15739537881045845,0.0028801536673350205,-0.5096010705088115,-0.00033624290046640115,0.0009813789448866008,0.10234754309864538,0.0,0.0,0.0,0.0,0.0,0.0,0.0,-0.18456856839809999,0.8224482095293763
-0.02874838023667572,-0.007292418843558139,1.0399967396507928,-1.893117503520277e-06,-6.171348996189504e-06,-1.152042888879873e-05,0.9999999999128051,1.4746149107644496e-05,0.012425134820665235,-0.6034834882117612,1.1748713686374646,-0.5713785765556668,-0.014123660633220542,-5.794549627746093e-06,0.01244058799754848,-0.6034929257389229,1.1748668408768028,-0.5713783473019257,-0.01411856679516807,0.6853669217856057,-0.0978129678430679,-0.982500865204843,2.7662665646283524,-1.66156190795346,-1.8534585904670549,-1.3942289318768601,0.33777269331670196,0.11218598204058883,0.0,0.0,0.0,0.0,0.0,0.0,0.0,-0.26586779681313294,-0.15739537881045845,0.0028801536673350205,-0.5096010705088115,-0.00033624290046640115,0.0009813789448866008,0.10234754309864538,0.0,0.0,0.0,0.0,0.0,0.0,0.0,0.5498870823738838,0.8993717997540175
-0.040627692089420624,-0.011504748607526871,1.0418000045909015,1.6192479958751118e-15,1.9869269139657733e-15,4.297479641649171e-15,1.0,-7.800433598555589e-15,0.019562668361402604,-0.6169013987552486,1.1603454279086267,-0.5434440291534457,-0.021270668361389283,5.900648231027051e-14,0.019562668361424743,-0.6169013987552658,1.1603454279086274,-0.5434440291534225,-0.021270668361393255,1.1833747855400976,-0.08144721319801629,-1.4107740996875795,2.7752553810815095,-1.7822466089092512,-2.17808364002365,-0.7810052997459054,1.3015668445112174,0.06056522568143414,0.0,0.0,0.0,0.0,0.0,0.0,0.0,-0.26586779681313294,-0.15739537881045845,0.0028801536673350205,-0.5096010705088115,-0.00033624290046640115,0.0009813789448866008,0.10234754309864538,0.0,0.0,0.0,0.0,0.0,0.0,0.0,0.7267695449688716,0.5460838300675155
-0.024955585453630257,0.009721823928158214,1.0286373490318843,1.243979269863223e-12,-7.482350517721937e-13,-1.4526517165105683e-12,1.0,3.437561495400519e-11,-0.01690947602857195,-0.6240500316849396,1.2331334716148843,-0.6090834399333124,0.015201476044573071,3.539208052148235e-11,-0.016909472440698386,-0.6240500175506731,1.2331334375057632,-0.6090834199557842,0.015201472468584777,0.3951606597653654,-0.17467037849201708,-1.4211628052384895,2.799508120198249,-2.3047072772564996,-1.1369526871891207,-1.851039476139732,1.3015167610376215,-0.6466444878640999,0.0,0.0,0.0,0.0,0.0,0.0,0.0,-0.26586779681313294,-0.15739537881045845,0.0028801536673350205,-0.5096010705088115,-0.00033624290046640115,0.0009813789448866008,0.10234754309864538,0.0,0.0,0.0,0.0,0.0,0.0,0.0,-0.11611386444208809,0.8927000213716068
-0.002467478908722156,-0.003626963037042495,1.0328259423058952,-3.295247505742246e-08,1.111592501160111e-08,1.9851020584188717e-08,0.9999999999999991,-2.5093643097597946e-06,0.006268811854509121,-0.5779345581819839,1.2174734500238773,-0.6395381953767431,-0.007977716647908884,-4.5504005635176465e-06,0.006270942027262421,-0.5779401747516274,1.2174804096729694,-0.6395405670880534,-0.007979150494786392,1.1174161981902617,-0.15141567283054275,-0.6312870995192189,2.5106515380593866,-2.0955857553931505,-0.4709267269441645,-2.2881065008910095,1.301579289679,0.6466444878640999,0.0,0.0,0.0,0.0,0.0,0.0,0.0,-0.26586779681313294,-0.15739537881045845,0.0028801536673350205,-0.5096010705088115,-0.00033624290046640115,0.0009813789448866008,0.10234754309864538,0.0,0.0,0.0,0.0,0.0,0.0,0.0,-0.18456856839809999,1.1920919321819334
-0.012114844493535226,-0.006565173017489082,1.0450407355158877,6.058058617515564e-07,-6.077017497694298e-07,-1.3622519809317781e-06,0.9999999999987039,3.5448436330366135e-06,0.01109903516716172,-0.5652931166120139,1.1533191498723134,-0.5880283885234222,-0.012808896421992559,-7.263441944516517e-07,0.011101499902621655,-0.5652849565603275,1.1533191953085233,-0.5880334758277883,-0.01281631441548506,1.000774894289033,-0.202894525544075,-0.8025834512358432,2.489680140655019,-1.763861472519516,-1.788761366697901,2.137913311705422,-1.08567977554266,-0.6299038952463403,0.0,0.0,0.0,0.0,0.0,0.0,0.0,-0.26586779681313294,-0.15739537881045845,0.0028801536673350205,-0.5096010705088115,-0.00033624290046640115,0.0009813789448866008,0.10234754309864538,0.0,0.0,0.0,0.0,0.0,0.0,0.0,0.7605272215561,0.987677214700937
-0.08811830008696206,-0.03674764217847575,1.0803297014198685,7.295023914308467e-09,4.557507732458442e-07,9.478276146452114e-07,0.9999999999994469,-2.3919256159895913e-06,0.05858309343190867,-0.5687468338388966,0.8989946185126865,-0.33025066721151514,-0.06028365452805877,-1.7582181906981132e-06,0.05858307260581378,-0.5687620869452176,0.899022208364007,-0.3302619754590245,-0.06029111016538262,0.5125893370518436,0.709040008623075,-1.2048074264423458,2.799508120198249,-2.2729719000957513,-1.8238987691789867,2.3876104167265,-1.301579289679,0.6446921494478101,0.0,0.0,0.0,0.0,0.0,0.0,0.0,-0.26586779681313294,-0.15739537881045845,0.0028801536673350205,-0.5096010705088115,-0.00033624290046640115,0.0009813789448866008,0.10234754309864538,0.0,0.0,0.0,0.0,0.0,0.0,0.0,0.7605272215561,1.144981951253925
-0.0042568423437285815,0.009230330465850634,1.04080899652533,2.59336502257923e-06,-1.6804278660963366e-06,-3.0450671036610156e-07,0.9999999999951789,-3.784971409030939e-06,-0.015738174423970668,-0.5624693148912471,1.1764584023678806,-0.6139901658730863,0.014026876821139789,2.564437477163495e-06,-0.01573559424936572,-0.5624732791759712,1.176473405063613,-0.6140018651523036,0.014025968376805252,-1.1532176018751823,-0.202894525544075,-1.3322253224466187,2.799508120198249,-2.3047072772564996,-2.0672163215520456,0.6780143593025896,0.038551570731962005,-0.6272946287180103,0.0,0.0,0.0,0.0,0.0,0.0,0.0,-0.26586779681313294,-0.15739537881045845,0.0028801536673350205,-0.5096010705088115,-0.00033624290046640115,0.0009813789448866008,0.10234754309864538,0.0,0.0,0.0,0.0,0.0,0.0,0.0,0.7605272215561,0.9950413187304272
-0.03127667045086901,0.0028451454557319894,1.0620277707026318,-4.432333973010951e-06,4.817189717168221e-06,7.931169398788519e-06,0.9999999999471227,1.573855288689011e-05,-0.004661780072047162,-0.5519461006832583,1.0554522055179067,-0.503501568777905,0.0029566046021806346,2.7971663327942996e-06,-0.004655186151863319,-0.5519695476441844,1.0554934424438167,-0.5035315189695038,0.0029327022736801026,-0.827547485553838,-0.202894525544075,-0.689309754099652,1.507589221772593,-1.1749956991575699,-0.6302878481595716,-0.9642484219996701,-0.0627041619119563,0.6466444878640999,0.0,0.0,0.0,0.0,0.0,0.0,0.0,-0.26586779681313294,-0.15739537881045845,0.0028801536673350205,-0.5096010705088115,-0.00033624290046640115,0.0009813789448866008,0.10234754309864538,0.0,0.0,0.0,0.0,0.0,0.0,0.0,0.7605272215561,0.8722191990824812
-0.04127493932900919,0.021786232729106913,1.0699275247158593,1.7155112105014218e-06,-9.589943430484514e-06,-2.6957688946728556e-06,0.9999999999489114,-1.4816335186759806e-05,-0.03536520159751911,-0.5436112382925566,1.0030849889694466,-0.4594732769765427,0.03364902672771562,7.861911552238624e-06,-0.035360014591006995,-0.5436315729071326,1.003122744724553,-0.45947902698919546,0.03366469471087787,-1.013589701102108,0.15302498982549792,-0.37124907779791994,1.3799892698291258,-0.2230073523907143,-0.968113349259853,-1.5963423816878406,1.2919608115978527,0.33432592751677065,0.0,0.0,0.0,0.0,0.0,0.0,0.0,-0.26586779681313294,-0.15739537881045845,0.0028801536673350205,-0.5096010705088115,-0.00033624290046640115,0.0009813789448866008,0.10234754309864538,0.0,0.0,0.0,0.0,0.0,0.0,0.0,0.7605272215561,0.8791963105130038
-0.029644401113716072,0.03792505004731964,1.0605696730729026,7.030474737811969e-10,-3.552802701139411e-11,-9.44370231387308e-19,1.0,-1.372914320538804e-07,-0.06241980857949228,-0.5502403077999315,1.057577443792722,-0.5073371527512183,0.060711785956338096,-9.339003847319273e-08,-0.062419781983113175,-0.5502400079540242,1.0575767734079007,-0.5073367789103339,0.06071176613664966,-1.1498148971403779,0.21604782493150856,-0.8353325640488614,1.1999900421430023,1.52641043462787,-2.1214025855331773,-0.9919505257474531,1.1690825715107072,0.5702566210123027,0.0,0.0,0.0,0.0,0.0,0.0,0.0,-0.26586779681313294,-0.15739537881045845,0.0028801536673350205,-0.5096010705088115,-0.00033624290046640115,0.0009813789448866008,0.10234754309864538,0.0,0.0,0.0,0.0,0.0,0.0,0.0,0.17007598484967043,1.24354709205
-0.0023913160750076243,0.010941368384094527,1.0427920411056477,-1.3948291982432652e-09,8.13024937610115e-10,-8.659073955572517e-10,1.0,-1.3095201520022304e-06,-0.01857497906448394,-0.5547340970586166,1.1663403430838186,-0.6116061957040998,0.016866771990856216,5.649811984577581e-07,-0.018575318066333175,-0.5547323605869622,1.16633423826524,-0.6116019846741417,0.016867365451503993,-1.1928662817512006,-0.202894525544075,-1.3674668369614893,1.685232041888001,2.3045208839070686,-2.1776371882442276,2.3876104167265,1.301579289679,0.6466444878640999,0.0,0.0,0.0,0.0,0.0,0.0,0.0,-0.26586779681313294,-0.15739537881045845,0.0028801536673350205,-0.5096010705088115,-0.00033624290046640115,0.0009813789448866008,0.10234754309864538,0.0,0.0,0.0,0.0,0.0,0.0,0.0,-0.18456856839809999,0.9221425216113622
0.002768189240969933,0.002851892602790146,1.0341581504866624,2.7582448101464047e-08,1.536395191245265e-08,-2.1069177867941828e-08,0.9999999999999992,-1.4985044009427985e-06,-0.004901916895248527,-0.5661722926771092,1.2113892689898171,-0.6452155186450335,0.003194018640286204,-7.191452705953961e-07,-0.004902100428880961,-0.5661653628151768,1.2113749031422327,-0.6452095788048525,0.003194075559480046,-1.1723457476088646,-0.20019102551193738,-1.5101280624859013,2.398527850215813,2.260663543257122,-1.8533946696146268,2.3556508750680933,-1.2930796407804463,-0.6466444878640999,0.0,0.0,0.0,0.0,0.0,0.0,0.0,-0.26586779681313294,-0.15739537881045845,0.0028801536673350205,-0.5096010705088115,-0.00033624290046640115,0.0009813789448866008,0.10234754309864538,0.0,0.0,0.0,0.0,0.0,0.0,0.0,-0.16115870268212487,1.2378896389639804
-0.06983940159967475,0.0015376636498671105,1.0405486616787565,-3.603251828339716e-12,-5.1850001707434355e-12,2.551109747611912e-18,1.0,-1.607888868131399e-10,-0.002620503954123169,-0.6617675566292412,1.1502655868331118,-0.4884980302764653,0.0009125039421344569,-1.2303204417879582e-10,-0.0026205034821712384,-0.6617675424017794,1.150265554010162,-0.48849801164858075,0.0009125035069865674,0.08487283830066589,0.20190060663590298,-1.1712206316867457,2.264962777225652,2.2895103496798335,-0.11481655407665572,2.3698522991587128,-1.301579289679,-0.6323710339109353,0.0,0.0,0.0,0.0,0.0,0.0,0.0,-0.26586779681313294,-0.15739537881045845,0.0028801536673350205,-0.5096010705088115,-0.00033624290046640115,0.0009813789448866008,0.10234754309864538,0.0,0.0,0.0,0.0,0.0,0.0,0.0,-0.18456856839809999,0.7342358732050038
-0.056853394266570045,-0.05365478115721204,1.0477878943120793,-1.818757433221003e-07,-2.307544219715213e-07,-1.4534297725702998e-07,0.9999999999999463,7.934825192783637e-07,0.09008309382232262,-0.6192034099735162,1.1077686243341966,-0.4885648170617084,-0.09179117725922867,4.4365660020933254e-07,0.09008297547736471,-0.6192027737214145,1.1077667797542619,-0.48856393710456353,-0.09179023105286932,1.0642747103662504,0.2916628707554964,-1.3171097547662343,2.2660349615643445,2.3007747085816064,-0.07942985368551923,2.37885503376983,-1.298436954820488,-0.6433109469071584,0.0,0.0,0.0,0.0,0.0,0.0,0.0,-0.26586779681313294,-0.15739537881045845,0.0028801536673350205,-0.5096010705088115,-0.00033624290046640115,0.0009813789448866008,0.10234754309864538,0.0,0.0,0.0,0.0,0.0,0.0,0.0,-0.15691002000979423,0.6043211468142223
-0.061040211867987144,-0.07361660761072031,1.0667368223909655,3.887677464727143e-15,-2.110410568168041e-15,-7.478748436383014e-16,1.0,6.271276828691847e-13,0.11952788471705593,-0.5675783094962757,0.9861278113460207,-0.41854950185015466,-0.12123588471621806,-1.0490116628509662e-11,0.11952788472791769,-0.5675783095406227,0.9861278114373104,-0.4185495018985544,-0.12123588472721529,1.1212214104788873,0.5058943561946281,-1.3533451919668535,2.205688683743882,2.2864761607214574,-0.10904181599700496,2.3684139635540657,-1.3012559954357583,-0.6284420175308254,0.0,0.0,0.0,0.0,0.0,0.0,0.0,-0.26586779681313294,-0.15739537881045845,0.0028801536673350205,-0.5096010705088115,-0.00033624290046640115,0.0009813789448866008,0.10234754309864538,0.0,0.0,0.0,0.0,0.0,0.0,0.0,-0.1167694154781664,0.5860040147190674
-0.028978386304319252,0.0030138310752543503,1.0338881587943782,-2.3234483896071073e-12,-3.1466140234223076e-13,1.7256242901280745e-13,1.0,-3.7553463709185076e-09,-0.005194913300701126,-0.6184016045241731,1.205999467609621,-0.5875978605611848,0.0034869129745812646,5.700324570683583e-10,-0.005194911803621321,-0.6184015826312796,1.205999402397974,-0.5875978183356436,0.003486911581896144,1.1613682739409137,-0.18569295240856945,-1.470366857699463,2.1622663469450147,2.2201239942939193,-1.7682757911925358,1.8730360826478076,-1.2770193233381517,-0.6391811443370058,0.0,0.0,0.0,0.0,0.0,0.0,0.0,-0.26586779681313294,-0.15739537881045845,0.0028801536673350205,-0.5096010705088115,-0.00033624290046640115,0.0009813789448866008,0.10234754309864538,0.0,0.0,0.0,0.0,0.0,0.0,0.0,-0.1059084008130256,1.1992850324951574
-0.040939541332310925,-0.026471547244667496,1.040580751417777,-9.270546380314169e-15,-1.0679511256328706e-14,-4.378182897580586e-16,1.0,-6.187080316233431e-07,0.045082295900824944,-0.6191817243528484,1.1640415891135014,-0.5448595179864274,-0.04679036641727387,-7.597580918828942e-07,0.04508224041660387,-0.6191815890974055,1.1640416067716457,-0.5448596003466873,-0.04679030159053409,1.1689800481676476,0.0893033719916691,-1.454662044251896,2.0374724798301953,2.1870030115496766,-1.7834923557665374,-1.5649753693697972,1.2669882208684657,0.6227723595813894,0.0,0.0,0.0,0.0,0.0,0.0,0.0,-0.26586779681313294,-0.15739537881045845,0.0028801536673350205,-0.5096010705088115,-0.00033624290046640115,0.0009813789448866008,0.10234754309864538,0.0,0.0,0.0,0.0,0.0,0.0,0.0,-0.0741603769470501,1.192541479797098
-0.020007679450203503,-0.006934759667238566,1.0615465862355886,-3.672436612686879e-16,-1.0672633004915953e-15,-5.114542638983448e-16,1.0,-6.690216601045913e-08,0.011408323120654037,-0.5363364544987962,1.061767785411006,-0.525431339684265,-0.013116321814299305,-1.2627517324652317e-08,0.011407913249272884,-0.5363402349517319,1.0617760506178193,-0.5254358188752355,-0.013115912656941883,1.1936344145552558,-0.202894525544075,-1.122710246803328,0.694091528080129,1.9919293393608841,-2.1743083574917788,-2.3876104167265,0.31262202965267105,0.5922519692132407,0.0,0.0,0.0,0.0,0.0,0.0,0.0,-0.26586779681313294,-0.15739537881045845,0.0028801536673350205,-0.5096010705088115,-0.00033624290046640115,0.0009813789448866008,0.10234754309864538,0.0,0.0,0.0,0.0,0.0,0.0,0.0,0.5528905880890423,1.1972310785744458
-0.04058863471730186,0.012921520853729936,1.0742660417543224,-1.913452888653994e-10,-2.4440322976917636e-12,-2.6301043768294778e-11,1.0,2.0483311462822087e-09,-0.020821799123775308,-0.5310636800038195,0.9788293933451179,-0.4477657105998648,0.01911380111142705,6.113918270227222e-10,-0.020821800757855856,-0.5310637374119285,0.978829528984421,-0.4477657915655135,0.019113801144395735,0.27135645194428,-0.1890904830408409,-1.5118914645353247,0.6310355793564654,2.117612702212449,-0.670090734221857,1.3982164305458478,-1.300910870644141,0.33539685652193135,0.0,0.0,0.0,0.0,0.0,0.0,0.0,-0.26586779681313294,-0.15739537881045845,0.0028801536673350205,-0.5096010705088115,-0.00033624290046640115,0.0009813789448866008,0.10234754309864538,0.0,0.0,0.0,0.0,0.0,0.0,0.0,0.7605272215561,0.4292661967865465
-0.00821831078954379,-0.009025359538575521,1.0331174440935547,-1.747892287172083e-08,1.648304618983138e-08,-1.9645558367327905e-08,0.9999999999999994,-1.2280962613803576e-06,0.01557680430056699,-0.5867668076038985,1.2150178362427375,-0.6282492873686091,-0.017284909127427802,-1.8833923765886404e-07,0.015575516054931316,-0.5867748797192546,1.2150387428017326,-0.6282638420218911,-0.017283480593262058,0.6151289584911862,-0.20054270330488141,-0.6852012250825726,2.189893307269643,1.6722188232198487,-0.21625899793348094,1.7475786313867687,1.301579289679,0.2093347870031949,0.0,0.0,0.0,0.0,0.0,0.0,0.0,-0.26586779681313294,-0.15739537881045845,0.0028801536673350205,-0.5096010705088115,-0.00033624290046640115,0.0009813789448866008,0.10234754309864538,0.0,0.0,0.0,0.0,0.0,0.0,0.0,-0.18456856839809999,0.9341289252877512
-0.00018943216722150413,-0.022116088350570384,1.0387867379805684,-1.0636197502729233e-09,-6.463931700255222e-09,-8.985932458310011e-10,1.0,2.4816414219352782e-08,0.037770924931989275,-0.5596810610991333,1.1856160157754507,-0.6259349579186757,-0.039478856258537226,4.939350068267519e-08,0.03777095604474294,-0.5596807548909132,1.1856153224804955,-0.6259345766950816,-0.03947893970568111,1.064664021483848,0.07118619350467648,-0.2288756988014048,2.1374154701081087,1.7690247569807895,-0.052447144022359504,-1.2450091968763624,-1.301579289679,-0.6466444878640999,0.0,0.0,0.0,0.0,0.0,0.0,0.0,-0.26586779681313294,-0.15739537881045845,0.0028801536673350205,-0.5096010705088115,-0.00033624290046640115,0.0009813789448866008,0.10234754309864538,0.0,0.0,0.0,0.0,0.0,0.0,0.0,-0.18456856839809999,1.24354709205
-0.00413662321916648,-0.006535646360563144,1.0735638520582476,2.7813916513913454e-08,7.167359494264223e-08,-3.700458188977709e-08,0.9999999999999963,-1.7291683361007362e-07,0.010552303172348518,-0.4800868227630798,0.9955821879603741,-0.5154953783711878,-0.012260935357487708,-4.969679508492222e-07,0.010553070056711127,-0.4800983279367376,0.995606078211261,-0.5155077521974702,-0.012261408082870264,1.19376239892515,-0.202894525544075,0.2659028508003976,0.15745525436806196,-0.0029092483986622054,-0.5094048582895575,0.0002949596868515569,-0.0009829441842635327,0.10255050924373112,0.0,0.0,0.0,0.0,0.0,0.0,0.0,0.5066853313753032,-0.26857049126726906,-0.39055527468990525,-2.17808364002365,-1.3408422767878552,0.2829398118314202,0.018338065223371336,0.0,0.0,0.0,0.0,0.0,0.0,0.0,0.7562448690355755,-0.6523580386221149
-0.012209065651716837,-0.00042388838502666244,1.0713008172037743,-1.920167571131811e-09,1.9716946389196138e-08,-3.5338245497710388e-09,0.9999999999999998,2.2085368825973763e-08,0.0006876749685357056,-0.4987092933684589,1.007752790032608,-0.5090434823330648,-0.002395672692290393,-9.192196683911185e-07,0.0006877523623222318,-0.4986897122882347,1.0077116908283994,-0.5090212856637645,-0.0023957457630873523,1.1341534648607021,-0.202894525544075,0.2659028508003976,0.15745525436806196,-0.0029092483986622054,-0.5094048582895575,0.0002949596868515569,-0.0009829441842635327,0.10255050924373112,0.0,0.0,0.0,0.0,0.0,0.0,0.0,0.4611377203732737,-0.36513689175021163,-1.0973164653309397,-2.17808364002365,-2.3876104167265,-0.5872105023043991,0.6466444878640999,0.0,0.0,0.0,0.0,0.0,0.0,0.0,0.7605272215561,-0.983614219314463
-0.022960282008659943,-0.004660143734528203,1.0737442369714776,-3.370355197568465e-07,7.254011074686839e-07,4.874725521719056e-08,0.9999999999996788,2.2288742656596685e-06,0.007516406868591234,-0.5079015767389057,0.9900500811796127,-0.48214792005893387,-0.009222089577182999,-3.3155811306972216e-06,0.007516851860176492,-0.5079200659217525,0.990075459502993,-0.48215325894792155,-0.00922407913620279,-0.16368948508920886,-0.07853912249206364,0.2659028508003976,0.15745525436806196,-0.0029092483986622054,-0.5094048582895575,0.0002949596868515569,-0.0009829441842635327,0.10255050924373112,0.0,0.0,0.0,0.0,0.0,0.0,0.0,0.4676462388367847,-0.3267165669014178,-0.2465311312158875,-2.17808364002365,-2.244983646857027,0.35719251584886896,-0.06631586123962768,0.0,0.0,0.0,0.0,0.0,0.0,0.0,0.7605272215561,-0.6721839734855246
-0.0290159714501728,-0.009872609063307005,1.0754631883847283,5.864231265839817e-20,-7.076244257029286e-20,5.08256712880122e-21,1.0,8.422164782228377e-19,0.015879029193771634,-0.5116230467521241,0.9771014692265267,-0.4654784224744027,-0.01758702919377163,-3.867351693742466e-19,0.015879029193771623,-0.5116230467521241,0.9771014692265265,-0.4654784224744024,-0.01758702919377162,0.0009707657782058179,0.006087767731914121,0.2659028508003976,0.15745525436806196,-0.0029092483986622054,-0.5094048582895575,0.0002949596868515569,-0.0009829441842635327,0.10255050924373112,0.0,0.0,0.0,0.0,0.0,0.0,0.0,0.5653674309906883,-0.21846335634767222,-0.33785788355718455,-2.17808364002365,-0.04308395007008933,-0.08809251363131154,-0.23600764661618623,0.0,0.0,0.0,0.0,0.0,0.0,0.0,0.7605272215561,-0.5903699564639382
-0.01992749542311269,0.0011842327048470825,1.0731184095048185,5.208818398147885e-20,-7.435718266693918e-20,-1.887834116228382e-21,1.0,1.0448417654338745e-19,-0.001912094611850116,-0.5052286088032721,0.9948412038021685,-0.48961259499889626,0.00020409461185011616,4.292849184726442e-20,-0.0019120946118501043,-0.5052286088032721,0.9948412038021683,-0.48961259499889626,0.00020409461185010437,-0.6220473455056537,-0.11112074675267973,0.2659028508003976,0.15745525436806196,-0.0029092483986622054,-0.5094048582895575,0.0002949596868515569,-0.0009829441842635327,0.10255050924373112,0.0,0.0,0.0,0.0,0.0,0.0,0.0,0.4262188284839991,-0.3472753649084953,-0.266035401903432,-2.177234995231389,2.167163641803334,-0.025788378515255294,0.39079168761199556,0.0,0.0,0.0,0.0,0.0,0.0,0.0,0.7578120160696511,-0.7288442070950745
-0.017169148893914327,0.003033525854735158,1.0728495819747004,4.632622787049809e-11,2.433581339368487e-10,1.5629840730549753e-10,1.0,-4.472578522625192e-06,-0.004899311088920382,-0.5018765011130435,0.9972279154223099,-0.49535096715508087,0.0031925110205350713,-6.905395653366872e-08,-0.004899881884544453,-0.5018741434173609,0.9972206079762731,-0.4953464579272989,0.0031918871443012116,-1.1658305288677777,-0.1593750740302954,0.2659028508003976,0.15745525436806196,-0.0029092483986622054,-0.5094048582895575,0.0002949596868515569,-0.0009829441842635327,0.10255050924373112,0.0,0.0,0.0,0.0,0.0,0.0,0.0,0.4629125265341885,-0.29962218155907716,-0.3888231144630732,-2.17808364002365,1.9347012897025515,-0.3678310104893538,0.09014041232546803,0.0,0.0,0.0,0.0,0.0,0.0,0.0,0.7605272215561,-0.7175449395386935
-0.021801485180591624,0.0010772509523691537,1.0726808546909063,8.762804008193804e-07,-1.7624878085792436e-07,-1.93308447397432e-06,0.9999999999977321,2.8007421587125952e-06,-0.001747386349309137,-0.5092049269225161,0.99689816958659,-0.48769633917525473,3.8590754937721584e-05,1.519682756175942e-06,-0.001749658566066429,-0.5092721876243972,0.9970574179408503,-0.4877839965859259,4.424581111918677e-05,-1.1937928696425777,-0.19801757091830777,0.2659028508003976,0.15745525436806196,-0.0029092483986622054,-0.5094048582895575,0.0002949596868515569,-0.0009829441842635327,0.10255050924373112,0.0,0.0,0.0,0.0,0.0,0.0,0.0,0.6402933969941436,-0.21277256716108936,-0.4199110422758255,-2.17808364002365,0.14982921791628814,-0.031204689379262362,-0.47214928495338043,0.0,0.0,0.0,0.0,0.0,0.0,0.0,0.7605272215561,-0.5840333999837269
-0.02314470891343529,0.035306445015857946,1.0722396797499953,-7.420667186154682e-06,-3.0119618541443675e-06,-8.124821664009215e-06,0.9999999999349245,-5.0808280895475884e-06,-0.05702234431751078,-0.5096280344504412,0.993117770376001,-0.4834734684329668,0.055330237337093906,-2.175989618794107e-05,-0.057018533569541306,-0.5096103742645145,0.993046851260691,-0.483451528947525,0.05530725647588132,-1.0453561107850509,0.2544923512800885,0.2659028508003976,0.15745525436806196,-0.0029092483986622054,-0.5094048582895575,0.0002949596868515569,-0.0009829441842635327,0.10255050924373112,0.0,0.0,0.0,0.0,0.0,0.0,0.0,0.4700654081004286,-0.716246291563323,-1.1512222771742049,-2.17808364002365,-1.1811572598046087,0.7014599166195674,0.537649653864668,0.0,0.0,0.0,0.0,0.0,0.0,0.0,0.5185571955960778,-1.0259821559268667
-0.055742647677488266,0.01852171202952324,1.0754091069845237,1.3361957782374961e-06,3.915356325978429e-07,1.4439226169802026e-06,0.9999999999979882,5.63118101142008e-06,-0.029788309490111464,-0.5475579556203959,0.9622063686683051,-0.41465203896420955,0.028080036935474804,-5.006158362497797e-06,-0.029788259808791955,-0.5475711736993893,0.9622470659744329,-0.414672566664441,0.028076229260316582,-0.152555736961473,0.48851874225143316,0.2659028508003976,0.15745525436806196,-0.0029092483986622054,-0.5094048582895575,0.0002949596868515569,-0.0009829441842635327,0.10255050924373112,0.0,0.0,0.0,0.0,0.0,0.0,0.0,0.2695936806489789,-0.8799150344617861,-1.2203742914180133,-2.1599168414622345,-0.026613799706820963,1.0131881466421286,-0.3860570797598369,0.0,0.0,0.0,0.0,0.0,0.0,0.0,0.5945605910841015,-1.24354709205
-0.03248303062644323,0.03455289634795743,1.0786616175490942,-9.24377539029774e-07,-2.3378278841649934e-06,8.050466304922121e-07,0.999999999996516,-3.7901507322340193e-06,-0.05523303164739809,-0.5047911082503413,0.9506396581416598,-0.44584657664776844,0.053523165424220066,1.2137053181057797e-07,-0.0552320045278971,-0.5047868214937444,0.9506312149487466,-0.445842789752756,0.05352716093396921,-0.6870209008922196,0.18002534430757608,0.2659028508003976,0.15745525436806196,-0.0029092483986622054,-0.5094048582895575,0.0002949596868515569,-0.0009829441842635327,0.10255050924373112,0.0,0.0,0.0,0.0,0.0,0.0,0.0,0.6550446989001298,-0.8230362438451602,-1.478623595982974,-0.9900287359377647,0.3514686030359033,1.2194805046215245,-0.32700899691067753,0.0,0.0,0.0,0.0,0.0,0.0,0.0,0.7605272215561,-0.9134936754457508
-0.062182091032425744,-0.005295811636054632,1.0739902618233097,-6.802253543348576e-06,-2.5878533422437373e-06,2.922673938065256e-06,0.9999999999692452,2.102564615600767e-05,0.008558548208287045,-0.560674343244286,0.9680124267538937,-0.4073328831905904,-0.010243438154234646,-1.057485043186923e-05,0.008552637168464085,-0.560712598182799,0.9680376182111176,-0.4073220557978603,-0.01022923938125439,-0.10272213277762904,0.12647547409327284,0.2659028508003976,0.15745525436806196,-0.0029092483986622054,-0.5094048582895575,0.0002949596868515569,-0.0009829441842635327,0.10255050924373112,0.0,0.0,0.0,0.0,0.0,0.0,0.0,1.073501422766722,-0.9606377879431168,-0.8658403077666915,-1.1035333775208167,-1.3379240026383519,-0.061530649982694516,0.5801299363502602,0.0,0.0,0.0,0.0,0.0,0.0,0.0,0.5104826628658523,-0.3615589914315209
-0.058414295511888564,-0.013475229747085383,1.082166286681608,-1.5468326214556453e-06,-7.580973877496244e-07,-2.841397384425369e-06,0.9999999999944795,1.218510527781714e-06,0.02144867556443837,-0.5310725841980866,0.9188363264344368,-0.38776194983744666,-0.02315221626842762,-7.97252050553477e-07,0.021452410144226663,-0.5310680564428711,0.9188271746255687,-0.38776126560828517,-0.023159162308091223,0.06542271421661423,0.19309118839104525,0.2659028508003976,0.15745525436806196,-0.0029092483986622054,-0.5094048582895575,0.0002949596868515569,-0.0009829441842635327,0.10255050924373112,0.0,0.0,0.0,0.0,0.0,0.0,0.0,0.9877408764213101,-0.7758206120990373,-0.6560792428462838,-1.0563635761050518,-1.6136366627898593,1.2718729208316844,0.09801435941375274,0.0,0.0,0.0,0.0,0.0,0.0,0.0,0.6390114542546799,-0.398909828316072
-0.027642508601543117,0.003288653047311803,1.058634821404521,2.289180384149715e-07,2.582632663339163e-07,3.0560923442541374e-06,0.9999999999952706,1.2911204980281445e-05,-0.005442952314958718,-0.555449562113333,1.0758118501876648,-0.5203655888697626,0.0037651549095307772,-1.3219977404045811e-05,-0.0054540187015975575,-0.5554864311640271,1.0758543985914528,-0.520369825194992,0.0037468115301098146,1.0293520352164904,-0.12793820677032386,0.2659028508003976,0.15745525436806196,-0.0029092483986622054,-0.5094048582895575,0.0002949596868515569,-0.0009829441842635327,0.10255050924373112,0.0,0.0,0.0,0.0,0.0,0.0,0.0,0.2828429357343364,-1.1401074568048069,-0.7575637624797195,-1.4630358879666703,-0.5573866521476006,0.8651618048686546,-0.6466444878640999,0.0,0.0,0.0,0.0,0.0,0.0,0.0,0.41984511803555224,-1.03339975639808
-0.03404127618276403,0.00986524425252948,1.0600733450166462,3.267883559186538e-08,1.4842371558123267e-06,-8.05047640842831e-08,0.9999999999988948,9.945317030937446e-08,-0.016271278116757583,-0.5608911791573757,1.06485178374666,-0.5039608176069006,0.014566810830732389,2.872789822915326e-07,-0.01627163416048444,-0.5608994189948414,1.0648601086310552,-0.5039593688286897,0.014564041441596606,1.193805208368,-0.202894525544075,0.2659028508003976,0.15745525436806196,-0.0029092483986622054,-0.5094048582895575,0.0002949596868515569,-0.0009829441842635327,0.10255050924373112,0.0,0.0,0.0,0.0,0.0,0.0,0.0,0.34196152688736947,-1.2314636899956053,-1.227588772581499,-0.6867199017998463,-1.3119960550120109,0.3074970166319255,0.27432136393303785,0.0,0.0,0.0,0.0,0.0,0.0,0.0,0.6774486426117193,-1.24354709205
-0.09349488485166708,-0.011794322839756562,1.0910817970089148,3.748694618590115e-07,-9.167050944279892e-07,-6.924970737112587e-07,0.9999999999992697,-7.886531991214687e-07,0.01849961265838367,-0.5420560300109983,0.8271211804318591,-0.2850647926517202,-0.02020822275326037,5.068786554443255e-07,0.018500960708158265,-0.5420592519750638,0.8271256984424369,-0.28506595938778106,-0.020204363784302383,0.23228984836403305,0.709040008623075,0.2659028508003976,0.15745525436806196,-0.0029092483986622054,-0.5094048582895575,0.0002949596868515569,-0.0009829441842635327,0.10255050924373112,0.0,0.0,0.0,0.0,0.0,0.0,0.0,0.7335477046461153,-1.4526584637577828,-1.1772392241300882,-1.1554120353998591,1.4795524102390165,0.2782801498951336,-0.03584783904099472,0.0,0.0,0.0,0.0,0.0,0.0,0.0,-0.012243004656587517,-0.811554024739886
-0.07951692908609288,0.016280282837557634,1.105472518820315,1.9549732214068137e-07,-2.886014757839591e-06,-2.993487806855631e-07,0.9999999999957715,1.4940896995204262e-06,-0.02497967146448499,-0.47588083180232754,0.7354841348141457,-0.25960233927516874,0.023270276573148934,7.937087741611254e-06,-0.024977882954089925,-0.47589368667612364,0.7355220522234982,-0.2596221179758991,0.02327128487427488,-0.5487302284734126,0.5574434783220464,0.2659028508003976,0.15745525436806196,-0.0029092483986622054,-0.5094048582895575,0.0002949596868515569,-0.0009829441842635327,0.10255050924373112,0.0,0.0,0.0,0.0,0.0,0.0,0.0,1.5118914645353247,-0.5934836878042641,-1.456690602106406,-1.304146673718893,1.404174809233389,-0.2992630492674849,0.4364131166624738,0.0,0.0,0.0,0.0,0.0,0.0,0.0,0.5448263450620795,-0.31254915705015374
-0.01956996041420688,0.027161289274475302,1.0563980509307627,-1.7022556895548207e-07,-1.445942753425858e-07,2.507492189573148e-07,0.9999999999999436,-5.485423451235528e-06,-0.04503722783458521,-0.5474755706192302,1.0874191867743437,-0.5399440185310478,0.043329405146111104,2.341697585111539e-06,-0.045037471300629836,-0.5474741261759868,1.0874159115762543,-0.5399414842961247,0.04332984807928572,-1.1855961970160207,0.06651271917325284,0.2659028508003976,0.15745525436806196,-0.0029092483986622054,-0.5094048582895575,0.0002949596868515569,-0.0009829441842635327,0.10255050924373112,0.0,0.0,0.0,0.0,0.0,0.0,0.0,0.8054064719607259,-1.1582607808248935,-1.5589862166092376,-2.0867123472706792,1.291847511838844,-1.0869187402246585,0.32523518182877387,0.0,0.0,0.0,0.0,0.0,0.0,0.0,0.1901751506344998,-1.24354709205
-0.03969892988151474,-0.0009317602375154118,1.0392306596093623,1.2139177807271365e-06,-8.218065176239326e-07,1.1591587606589448e-06,0.9999999999982536,-1.0915925967180829e-06,0.0015771523430607374,-0.6221005687082207,1.1746912146255297,-0.5525885430203994,-0.003284169875361165,9.223854412739422e-07,0.0015754342299937585,-0.6221050368711537,1.1747037605433381,-0.5525984609941996,-0.003285114923230707,-0.763664626501573,-0.06661957420034469,0.2659028508003976,0.15745525436806196,-0.0029092483986622054,-0.5094048582895575,0.0002949596868515569,-0.0009829441842635327,0.10255050924373112,0.0,0.0,0.0,0.0,0.0,0.0,0.0,1.5114731704098172,-1.941540289257487,-2.2362469740471833,-2.0395544547783753,1.5270520472497155,-1.2870949870837134,-0.4693367686323804,0.0,0.0,0.0,0.0,0.0,0.0,0.0,0.05287179772331856,-1.2417993947759363
-0.03149150943852257,0.0020659707496688273,1.0408142893932026,4.163579543990381e-11,5.672460015498977e-11,-2.5904467733125585e-11,1.0,-5.855779575584301e-09,-0.0035192696944495406,-0.605808122800524,1.1698152282608558,-0.5640071029522564,0.001811266888745246,-2.5456649974725836e-09,-0.0035193307623781387,-0.6058088673958767,1.1698168298654095,-0.5640079629090703,0.0018113307408991746,-1.193805208368,-0.20281239646058066,0.2659028508003976,0.15745525436806196,-0.0029092483986622054,-0.5094048582895575,0.0002949596868515569,-0.0009829441842635327,0.10255050924373112,0.0,0.0,0.0,0.0,0.0,0.0,0.0,1.4723857559401066,-1.669425019378402,-2.28377875101689,-2.1681842420195254,-1.6328030190090677,-1.301579289679,0.6292075911515584,0.0,0.0,0.0,0.0,0.0,0.0,0.0,-0.18456856839809999,-0.8345027288877009
-0.023042665741509743,0.010405726650392412,1.055761779724188,2.34670990064982e-06,5.701855641083455e-07,2.7529422198864853e-07,0.999999999997046,-2.6627055599756713e-07,-0.017296583924161592,-0.5557043045880753,1.0927452958928112,-0.5370396710113698,0.015588599527416985,4.269342657358907e-06,-0.01729890035167843,-0.555721476568881,1.0927783175381334,-0.5370548041886586,0.015586995708117644,-1.193805208368,-0.202894525544075,0.2659028508003976,0.15745525436806196,-0.0029092483986622054,-0.5094048582895575,0.0002949596868515569,-0.0009829441842635327,0.10255050924373112,0.0,0.0,0.0,0.0,0.0,0.0,0.0,1.2908589818539562,-1.088343727138696,-2.217705904675823,-2.0067827632579696,-2.3876104167265,1.301579289679,-0.6466444878640999,0.0,0.0,0.0,0.0,0.0,0.0,0.0,0.7528217702012382,-1.24354709205
-0.06673541400454712,-0.00988543051035903,1.052269952466907,9.483544096531439e-09,-2.536031134334149e-06,-1.411206377721987e-06,0.9999999999957884,-5.019689166803995e-06,0.016517776297180636,-0.6269399620567858,1.0895860688430197,-0.4626412289061207,-0.01822415365239788,1.5474864494891449e-06,0.01651575870793219,-0.6269426483223726,1.0895882084809447,-0.4626445961092429,-0.018219915734544914,-0.23637891341178158,0.02189901861499718,0.2659028508003976,0.15745525436806196,-0.0029092483986622054,-0.5094048582895575,0.0002949596868515569,-0.0009829441842635327,0.10255050924373112,0.0,0.0,0.0,0.0,0.0,0.0,0.0,1.5118914645353247,-1.5597113860066856,-1.7044386893108263,-0.2995720903207202,-2.158457575008039,0.7561800642965985,-0.24311368054851137,0.0,0.0,0.0,0.0,0.0,0.0,0.0,0.1682420833390256,-0.3805638806867128
-0.09977786437084288,0.005899885918770701,1.0644115586728764,-2.611169992979316e-07,-8.2777702175251e-08,1.2104721873449674e-07,0.9999999999999551,2.2664800084781532e-07,-0.009659694201156706,-0.6333658639068896,0.9916948116424075,-0.3583286844434296,0.007951786764474337,-5.625154701472632e-07,-0.009661305896016891,-0.6333608048823967,0.9916791398520317,-0.3583185714417504,0.007954008766177198,-0.21516577967838962,0.52764393951448,0.2659028508003976,0.15745525436806196,-0.0029092483986622054,-0.5094048582895575,0.0002949596868515569,-0.0009829441842635327,0.10255050924373112,0.0,0.0,0.0,0.0,0.0,0.0,0.0,1.3187315132807915,-2.272728173552658,-1.9488791801876562,-0.06440674813068858,-0.7010306371208396,-1.301579289679,-0.589911974492722,0.0,0.0,0.0,0.0,0.0,0.0,0.0,-0.18456856839809999,-0.6003632310611815
-0.05097658857139256,0.045365577754025325,1.0385956766541413,8.109952736525696e-14,-1.5513136539239887e-14,-1.6018013811069626e-15,1.0,7.086833927984667e-11,-0.07741710632306546,-0.6358929379843435,1.1632295370285417,-0.5273365989767005,0.07570910632115817,4.574206501694491e-12,-0.07741710634459768,-0.6358929362200103,1.1632295374283796,-0.5273366012068614,0.07570910634506793,-1.193805208368,0.16896264426703103,0.2659028508003976,0.15745525436806196,-0.0029092483986622054,-0.5094048582895575,0.0002949596868515569,-0.0009829441842635327,0.10255050924373112,0.0,0.0,0.0,0.0,0.0,0.0,0.0,1.362263225545101,-2.326846267137242,-1.6644529028367214,-0.06565959349176458,1.744010678756814,1.299067748935653,-0.6076697037352864,0.0,0.0,0.0,0.0,0.0,0.0,0.0,-0.16992678051262766,-0.35538257622549163
-0.04248129678545743,0.0022825092311078267,1.0262723810672956,-8.622776475040832e-14,-1.931202662988049e-14,-2.1599905411816116e-15,1.0,6.773872016968835e-11,-0.003987005402154418,-0.6570535692331715,1.238367346688411,-0.5813137776000383,0.0022790056022558955,1.4764480260234495e-10,-0.003986997174566815,-0.6570535495766073,1.238367288539027,-0.5813137390665315,0.0022789971960945924,-1.1006693762068462,-0.202894525544075,0.2659028508003976,0.15745525436806196,-0.0029092483986622054,-0.5094048582895575,0.0002949596868515569,-0.0009829441842635327,0.10255050924373112,0.0,0.0,0.0,0.0,0.0,0.0,0.0,1.4892180742888068,-2.3086991660406544,-2.2596070898705984,-0.059783174818075005,2.2832700228714335,1.2973087452417897,-0.6171179946543345,0.0,0.0,0.0,0.0,0.0,0.0,0.0,-0.15125288192267256,-0.2478601169806646
-0.006642399663474185,-0.022244565094941025,1.0370062861366436,2.141373360520174e-08,1.2821349158958863e-07,8.688570211944539e-08,0.9999999999999877,-1.458412407440916e-07,0.03811732452305049,-0.5743956387764936,1.1937622238106764,-0.6193663988243946,-0.03982467017420032,-2.8148154677959044e-07,0.03811738649789236,-0.5743962721066702,1.1937631822325279,-0.6193669014954354,-0.039825437747243064,1.126756734266902,-0.06848941968031062,0.2659028508003976,0.15745525436806196,-0.0029092483986622054,-0.5094048582895575,0.0002949596868515569,-0.0009829441842635327,0.10255050924373112,0.0,0.0,0.0,0.0,0.0,0.0,0.0,1.4721625060591126,-2.112852769755933,-2.196013759355346,-1.7801576507140946,0.2815937558887861,-1.2672862810171177,-0.6091928782675357,0.0,0.0,0.0,0.0,0.0,0.0,0.0,-0.09581535280207865,-1.2105146918765817
0.00029807164270351905,-0.011295132868774283,1.0376609896385967,-4.419133666448772e-13,-3.096869454024031e-15,-1.4885709766011138e-15,1.0,5.176875263414178e-07,0.019340458801847735,-0.5621246626343795,1.192914525051416,-0.6307897880007486,-0.021048464133344005,3.772701350119605e-07,0.019340400685172173,-0.5621250314911203,1.1929150704949734,-0.6307899858234693,-0.021048402349268903,1.185768649760893,-0.18529409676137765,0.2659028508003976,0.15745525436806196,-0.0029092483986622054,-0.5094048582895575,0.0002949596868515569,-0.0009829441842635327,0.10255050924373112,0.0,0.0,0.0,0.0,0.0,0.0,0.0,1.4794964102717214,-2.0115228869614863,-2.1905110657509086,-1.843750091494639,0.8023153646140972,-1.2609057825347971,-0.6466444878640999,0.0,0.0,0.0,0.0,0.0,0.0,0.0,-0.08404558447268069,-1.189945670960119
-0.0063384927668145696,-0.0329019695503613,1.0753297210934896,1.217352896966897e-10,-1.411372278004445e-10,-8.835688449421604e-11,1.0,1.6319156494728001e-07,0.05288616810986685,-0.4762789215824256,0.9794929222833947,-0.5032139429791327,-0.05459413611372643,2.942226084997642e-07,0.052884607204694574,-0.4762839538715695,0.9795037819278333,-0.5032197882135284,-0.05459260005672973,1.0302832021357686,-0.18176349883292184,0.2659028508003976,0.15745525436806196,-0.0029092483986622054,-0.5094048582895575,0.0002949596868515569,-0.0009829441842635327,0.10255050924373112,0.0,0.0,0.0,0.0,0.0,0.0,0.0,1.5026110391168073,-0.6138013555762682,-2.1541766331936767,-0.7713977643927695,-1.6599643983616812,1.3007370139956298,0.3651675290790521,0.0,0.0,0.0,0.0,0.0,0.0,0.0,0.7605272215561,-0.5073831010492216
-0.023090190668183883,-0.07546306249504342,1.1002370337738998,1.1087922737337011e-06,-1.10335239933573e-06,2.2922961543457176e-06,0.9999999999961493,6.543776595724465e-07,0.11620735120365844,-0.4127184172846079,0.7848639038013093,-0.3721498927557797,-0.11791729535013015,-6.009691446199487e-06,0.11620407158179524,-0.41271216257682836,0.7848619233568678,-0.37214361715815175,-0.11791769277930436,0.8376727865451197,0.5954319406731784,0.2659028508003976,0.15745525436806196,-0.0029092483986622054,-0.5094048582895575,0.0002949596868515569,-0.0009829441842635327,0.10255050924373112,0.0,0.0,0.0,0.0,0.0,0.0,0.0,1.5118914645353247,-0.6144158547119203,-0.4649454623195386,-2.1761150143606716,0.2403238142320968,-0.09228790615141624,-0.0034880285170180354,0.0,0.0,0.0,0.0,0.0,0.0,0.0,0.7605272215561,0.4688566122508417
-0.012408144530413496,-0.07525205175004376,1.1064875092394675,1.258274132198026e-05,-6.482784004464325e-06,-1.7670260350738003e-05,0.999999999743705,9.760087518887436e-06,0.114711151622734,-0.3761230436401817,0.7412092105108051,-0.36508584950869577,-0.11642036359145079,8.281773908288695e-06,0.11473279559600011,-0.3761538945258346,0.7413087625208983,-0.36513445755871443,-0.11646759221764838,1.0317934230383132,0.670015563724687,0.2659028508003976,0.15745525436806196,-0.0029092483986622054,-0.5094048582895575,0.0002949596868515569,-0.0009829441842635327,0.10255050924373112,0.0,0.0,0.0,0.0,0.0,0.0,0.0,1.3410722597140683,-0.5011891069266534,-0.29321227815826517,-2.177109107272345,2.3386468803029308,0.24051174810680676,0.6227843890630007,0.0,0.0,0.0,0.0,0.0,0.0,0.0,0.7605272215561,0.16126682445962415
-0.06459545394467636,-0.007607680824518412,1.0990051145430204,9.697742662055737e-07,2.7751127594338936e-06,5.279004911387415e-06,0.9999999999817452,1.0330753906676417e-05,0.011794666447238424,-0.4839304016448266,0.8001173939700462,-0.31619429602023,-0.013484368561871836,-2.5591114635819052e-06,0.011798741929992564,-0.4839398425679877,0.8000805408054281,-0.3161531185260197,-0.013507810640053308,-0.07910008195238848,0.616414864028737,0.2659028508003976,0.15745525436806196,-0.0029092483986622054,-0.5094048582895575,0.0002949596868515569,-0.0009829441842635327,0.10255050924373112,0.0,0.0,0.0,0.0,0.0,0.0,0.0,0.6548214843792917,-0.23333724422095845,-0.29285413555907336,-2.17808364002365,2.2761450157563066,-0.10069652927929114,0.5314889791302084,0.0,0.0,0.0,0.0,0.0,0.0,0.0,0.7605272215561,-0.5636233976298946
-0.016953457302550042,0.0021826925875322403,1.0616391020254137,2.1866740545768907e-06,1.5561291288285764e-05,-1.0445334811977594e-05,0.9999999998219798,4.7740901468392955e-06,-0.0036125212178041498,-0.5316331691993635,1.0623282558372118,-0.5307111734000445,0.001913888944385566,2.3612609668022613e-05,-0.0036070738549426433,-0.5316430166249758,1.0623747708765208,-0.5307368646460164,0.001888347812698419,-0.30587540519690437,-0.202894525544075,0.2659028508003976,0.15745525436806196,-0.0029092483986622054,-0.5094048582895575,0.0002949596868515569,-0.0009829441842635327,0.10255050924373112,0.0,0.0,0.0,0.0,0.0,0.0,0.0,0.4965125408433904,-1.3538185325313896,0.2583412988695488,-2.1778156354761258,-1.9248267594651727,0.20985547844244623,-0.6447431083193047,0.0,0.0,0.0,0.0,0.0,0.0,0.0,0.7605272215561,-0.5517017986351561
-0.05117659067602223,0.05164030289138758,1.069834527831259,-1.2482906732027303e-05,-2.8271988971639703e-06,2.754422700070457e-06,0.9999999999142986,-7.462632388761241e-06,-0.08360732657584995,-0.5523287528835269,0.9876268034923341,-0.4352921650631684,0.08190267645235882,-1.4216124614470422e-06,-0.08360765466617251,-0.5523149761082471,0.9875968525726541,-0.435275711051373,0.08191459320846621,-1.0286283934983935,0.22388779780131926,0.2659028508003976,0.15745525436806196,-0.0029092483986622054,-0.5094048582895575,0.0002949596868515569,-0.0009829441842635327,0.10255050924373112,0.0,0.0,0.0,0.0,0.0,0.0,0.0,1.1168773473307627,-1.634980803531251,0.4815362732470419,-0.5484369241117644,-0.962636464265611,0.032015160617194276,-0.35901419828613446,0.0,0.0,0.0,0.0,0.0,0.0,0.0,0.3884742572145666,-0.3980146489295074
-0.03837878144319493,-0.00425629161314297,1.027470367000327,2.131254972902281e-10,-2.8032045430553946e-10,1.6095119726476096e-10,1.0,1.3339450630682342e-06,0.007420579739273682,-0.6479471791604999,1.2342533772530806,-0.5863063565761332,-0.009128609352675371,-2.782590861209495e-07,0.007419015052396708,-0.6479490694666543,1.2342588719598846,-0.5863098189284993,-0.009127011466545836,-0.6567660383031326,-0.18424122716923846,0.2659028508003976,0.15745525436806196,-0.0029092483986622054,-0.5094048582895575,0.0002949596868515569,-0.0009829441842635327,0.10255050924373112,0.0,0.0,0.0,0.0,0.0,0.0,0.0,1.3931950211944635,-2.3279435326557567,1.0601441249194323,-0.0661043512763315,-2.3876104167265,-1.2917472740473595,0.6466444878640999,0.0,0.0,0.0,0.0,0.0,0.0,0.0,-0.18312905121802525,-0.5178926041729329
-0.035190071509675534,0.02586718033515727,1.0317264310988368,3.377441905026062e-11,1.688298452420328e-10,4.154974496865929e-11,1.0,4.1533381439421434e-08,-0.04472636593794156,-0.6317679855711676,1.2116452629366512,-0.5798772653708887,0.04301836643046165,3.782721969695209e-08,-0.04472543649069609,-0.6317840786084967,1.2116791048469415,-0.5798950274415683,0.04301743703533557,-1.193805208368,0.023690153787125977,0.2659028508003976,0.15745525436806196,-0.0029092483986622054,-0.5094048582895575,0.0002949596868515569,-0.0009829441842635327,0.10255050924373112,0.0,0.0,0.0,0.0,0.0,0.0,0.0,1.2766752347087489,-2.727587136616293,1.9133615921127332,-1.047611627948698,-2.3876104167265,-1.2972971352745866,0.6466444878640999,0.0,0.0,0.0,0.0,0.0,0.0,0.0,-0.18456856839809999,-0.798915707650642
-0.051715756671517565,0.014026255627542067,1.0387409880238176,-6.018432857634328e-06,-3.3754147498230013e-06,1.7927650810841448e-06,0.9999999999745854,1.1218489450882994e-05,-0.02395650088860996,-0.6405377378510458,1.170327910063757,-0.5297781243300625,0.022235332470522593,-6.436003587225302e-06,-0.023957840963218735,-0.6405654631812965,1.1703889943688501,-0.529840206227705,0.022265378028031555,-0.1761240813036202,0.16365042097216284,0.2659028508003976,0.15745525436806196,-0.0029092483986622054,-0.5094048582895575,0.0002949596868515569,-0.0009829441842635327,0.10255050924373112,0.0,0.0,0.0,0.0,0.0,0.0,0.0,0.8669899973216723,-2.5338356886009796,2.1943455332113895,-1.1210391876242505,-1.7346899754872267,-1.204051764097871,-0.07069521493159356,0.0,0.0,0.0,0.0,0.0,0.0,0.0,-0.18456856839809999,-1.0437177232981605
-0.03401298430797164,0.013070939625592424,1.0392491383399824,-9.007536306861483e-18,1.2693370316075512e-17,-6.13549830492856e-19,1.0,-1.188447087333436e-06,-0.022317522682833744,-0.6131051267710005,1.1762106981733134,-0.5631054405433144,0.020609501318227263,-6.164550616872074e-07,-0.022318523225110673,-0.6131137813511616,1.1762290534748148,-0.5631151959119435,0.020610464517509714,-1.015551719512309,-0.04554692949585065,0.2659028508003976,0.15745525436806196,-0.0029092483986622054,-0.5094048582895575,0.0002949596868515569,-0.0009829441842635327,0.10255050924373112,0.0,0.0,0.0,0.0,0.0,0.0,0.0,1.278099527968959,-2.799508120198249,2.2354897408800216,-1.9758251087148861,-2.3876104167265,1.301579289679,-0.6466444878640999,0.0,0.0,0.0,0.0,0.0,0.0,0.0,0.4659538132148035,-0.8391388597868417
-0.010620460505478593,-0.002655183283817993,1.040992757519565,1.8309438055964518e-11,-1.5748358974930424e-12,-1.4005713343083918e-12,1.0,-3.041401754822887e-08,0.004521463567444893,-0.5725686267354916,1.1748029687072499,-0.6022343137055746,-0.00622946475252225,3.68351946843223e-06,0.004521519850403827,-0.5725776026211064,1.1748300089302754,-0.6022517505741444,-0.00622945285676135,-1.1763090181453288,-0.20168096081913459,0.2659028508003976,0.15745525436806196,-0.0029092483986622054,-0.5094048582895575,0.0002949596868515569,-0.0009829441842635327,0.10255050924373112,0.0,0.0,0.0,0.0,0.0,0.0,0.0,0.869802735432519,-2.799508120198249,2.2501979249682975,-2.0608461136095637,2.3694105092966877,1.301579289679,0.6320750148385761,0.0,0.0,0.0,0.0,0.0,0.0,0.0,0.7605272215561,-1.24354709205
-0.013847734167360853,-0.01588884024481467,1.0397311303790016,-7.010701034847099e-12,-4.700319322232104e-11,4.740589814648534e-12,1.0,1.5909819092915458e-08,0.027110756646616534,-0.5802558526648809,1.1795811470363775,-0.5993250230880797,-0.028818865632761446,-2.6375842556892274e-06,0.027110919925425483,-0.5802561220930791,1.1795874694222508,-0.5993313894850077,-0.02881864844963252,0.36947896878001796,-0.202894525544075,0.2659028508003976,0.15745525436806196,-0.0029092483986622054,-0.5094048582895575,0.0002949596868515569,-0.0009829441842635327,0.10255050924373112,0.0,0.0,0.0,0.0,0.0,0.0,0.0,1.3200211279159422,-2.799508120198249,2.089571906407616,-2.16482668727382,2.3863677237667034,1.301579289679,0.645540005186044,0.0,0.0,0.0,0.0,0.0,0.0,0.0,0.5316681129945678,-0.7252370680583814
-0.007650076191752753,-0.01079487448042401,1.0383089139912023,1.2887259838247477e-08,-1.2538152455082773e-08,1.7246661847582793e-09,0.9999999999999998,-7.990135894407472e-06,0.01846114566363809,-0.5738016257320726,1.1886873335012844,-0.6148870574281948,-0.020168965372168415,1.0532517479689525e-05,0.01847191100603389,-0.5738060791804513,1.1886933210498796,-0.6148891755042905,-0.020179996085168947,0.9324508678477701,-0.202894525544075,0.2659028508003976,0.15745525436806196,-0.0029092483986622054,-0.5094048582895575,0.0002949596868515569,-0.0009829441842635327,0.10255050924373112,0.0,0.0,0.0,0.0,0.0,0.0,0.0,1.2815310303023086,-2.799508120198249,2.2342082007880184,-1.9966771788057815,2.3444839269602817,1.301579289679,0.6454100492040358,0.0,0.0,0.0,0.0,0.0,0.0,0.0,0.4246148605519154,-0.8302065933407702
-0.015596599138819327,-0.0024464111293754933,1.0407695364245046,9.377756276702524e-16,-1.6766753784542155e-15,-1.4085186287172698e-14,1.0,-3.5788947847217113e-06,0.004164004559108086,-0.5810926013571703,1.1749144792064885,-0.5938227921280256,-0.005871451447354448,-4.445561655735662e-06,0.004161705183120547,-0.5811550222006283,1.1750464168299921,-0.5938921808825138,-0.005868882900208165,1.1177364955552684,-0.14281582798449985,0.2659028508003976,0.15745525436806196,-0.0029092483986622054,-0.5094048582895575,0.0002949596868515569,-0.0009829441842635327,0.10255050924373112,0.0,0.0,0.0,0.0,0.0,0.0,0.0,0.8690460432842538,-2.799508120198249,2.2484391411573217,-2.0645208413718183,2.3623405278066083,1.301579289679,0.6267678697322718,0.0,0.0,0.0,0.0,0.0,0.0,0.0,0.7605272215561,-1.24354709205
-0.02711470119150728,-0.003862626551679966,1.0352564755533076,-3.148411996474893e-10,-1.7278727641764296e-10,-4.086382919077872e-11,1.0,-2.0070578122008187e-08,0.006641732671238537,-0.6122664836059001,1.1997179747730997,-0.5874514941361149,-0.008349732892753502,-1.795782626476459e-08,0.006641657312284288,-0.6122684666519554,1.199722229402596,-0.5874537641705428,-0.008349657148208331,1.0144102077311166,-0.15044387673058746,0.2659028508003976,0.15745525436806196,-0.0029092483986622054,-0.5094048582895575,0.0002949596868515569,-0.0009829441842635327,0.10255050924373112,0.0,0.0,0.0,0.0,0.0,0.0,0.0,0.8546944270403632,-2.2353637089052127,2.16646526819386,-0.42358141853671527,2.2186778814036003,-1.3014537921908784,-0.5621823315401979,0.0,0.0,0.0,0.0,0.0,0.0,0.0,-0.08539647012823214,-1.0905105613441073
-0.03131414090325599,0.0075451164606853095,1.042640905626191,-6.242419974985633e-13,-1.0774831388226821e-14,-1.6975022002538346e-16,1.0,-1.4467938518406486e-11,-0.012812349231993463,-0.6010019627498587,1.1601869234017286,-0.5591849606567924,0.011104349234242103,-9.843772976200271e-12,-0.01281234705934979,-0.6010019626251146,1.1601869220744652,-0.5591849594527886,0.011104347061598881,1.193805208368,-0.19827528845790166,0.2659028508003976,0.15745525436806196,-0.0029092483986622054,-0.5094048582895575,0.0002949596868515569,-0.0009829441842635327,0.10255050924373112,0.0,0.0,0.0,0.0,0.0,0.0,0.0,0.5736450151950601,-1.9057556597635024,2.3047072772564996,-0.052447144022359504,2.3876104167265,-1.2929681399003485,-0.6466444878640999,0.0,0.0,0.0,0.0,0.0,0.0,0.0,0.0451713100809795,-1.24354709205
-0.00486869808977017,-0.028281263348675985,1.02782188841522,1.4725514316144264e-08,-8.871688255288542e-09,-1.6233865991334775e-08,0.9999999999999997,1.301653084248266e-07,0.049224036528332946,-0.591613174026217,1.2385970304282419,-0.646983865191867,-0.050932042731700926,-2.9896368007209206e-06,0.049224381947084284,-0.591616707256183,1.2386004441894005,-0.6469840043119022,-0.050932287362884035,0.8309890640682327,-0.19798118581063592,0.2659028508003976,0.15745525436806196,-0.0029092483986622054,-0.5094048582895575,0.0002949596868515569,-0.0009829441842635327,0.10255050924373112,0.0,0.0,0.0,0.0,0.0,0.0,0.0,1.5001011877700452,-2.4314972411123015,1.7387565574679937,-0.23805427900185425,-0.41889211915569297,-1.301579289679,-0.6427083510435382,0.0,0.0,0.0,0.0,0.0,0.0,0.0,-0.18456856839809999,-0.18756187247504505
-0.0579327892544912,-0.024367294915521764,1.0606203240598597,7.051276874768477e-06,8.160449422359018e-06,-6.136844728209422e-06,0.9999999999230128,-1.363638218929939e-05,0.04012452114277249,-0.5917107521965932,1.0468016913380214,-0.45511073673773234,-0.04183297454538543,-1.562897650843571e-05,0.04011393684404854,-0.5916848910299576,1.0467969339073042,-0.4551058187434539,-0.0418248341014914,0.06463529091966368,0.07826045271392812,0.2659028508003976,0.15745525436806196,-0.0029092483986622054,-0.5094048582895575,0.0002949596868515569,-0.0009829441842635327,0.10255050924373112,0.0,0.0,0.0,0.0,0.0,0.0,0.0,1.283544741058124,-2.0036814798021916,1.1027816968276027,-1.5736348528748734,1.0771684692842158,-0.6388879615494971,0.21211988232012965,0.0,0.0,0.0,0.0,0.0,0.0,0.0,0.7605272215561,-0.18298002248202372
-0.08599768969500345,-0.04727779098455004,1.0635419374838622,-9.062697171476474e-08,-3.891637246123082e-08,2.6205889588574294e-08,0.9999999999999948,8.352549635729327e-07,0.0773730411031351,-0.6149519443340423,1.000032098207085,-0.38508003288812404,-0.07908041592303582,-6.94841968814717e-09,0.07737061477556545,-0.614964084731022,1.0000637004248152,-0.38509961531642123,-0.0790785800345835,0.10286255300332131,0.4743636124134231,0.2659028508003976,0.15745525436806196,-0.0029092483986622054,-0.5094048582895575,0.0002949596868515569,-0.0009829441842635327,0.10255050924373112,0.0,0.0,0.0,0.0,0.0,0.0,0.0,1.5090485856626867,-2.268345947506211,-0.039755791368149725,-1.363330322327197,-1.1765367531378743,0.040149832576241766,0.26489589730615154,0.0,0.0,0.0,0.0,0.0,0.0,0.0,0.02138856346580602,0.4150833089375742
-0.04168076033303711,0.007823885527109721,1.039259469182948,-1.7358266243254178e-06,1.075402310621094e-06,8.004918041654358e-07,0.9999999999975948,-1.0980800312654726e-07,-0.01336009466472383,-0.6248397712304711,1.1733250890870166,-0.5484865604764374,0.011658946727679247,2.646144105557851e-06,-0.013359366954050572,-0.6248439290854966,1.1733341521622664,-0.5484897163887857,0.011654583156281484,0.18421818998362957,0.2083823334679427,0.2659028508003976,0.15745525436806196,-0.0029092483986622054,-0.5094048582895575,0.0002949596868515569,-0.0009829441842635327,0.10255050924373112,0.0,0.0,0.0,0.0,0.0,0.0,0.0,-0.08548615284828102,-2.447264088688243,0.12515594710351524,-1.4829721794459099,1.7128200884467824,0.1131749008341468,0.10116320195752783,0.0,0.0,0.0,0.0,0.0,0.0,0.0,0.019551580432693106,-1.0500821651139511
-0.00920928675883811,0.016968816007620895,1.0455394596200753,1.164082223371192e-06,2.1407798751256068e-06,-1.206805649867519e-06,0.9999999999963027,-2.381135319179598e-06,-0.02867468772722265,-0.5589553141117278,1.1501720200825059,-0.5912172534488745,0.026966033418065187,2.4516921844986167e-07,-0.028673619674858937,-0.5589627303146824,1.1501917569176074,-0.5912286432265444,0.026963964572632358,0.6825586214446395,-0.07444266294960224,0.2659028508003976,0.15745525436806196,-0.0029092483986622054,-0.5094048582895575,0.0002949596868515569,-0.0009829441842635327,0.10255050924373112,0.0,0.0,0.0,0.0,0.0,0.0,0.0,-0.2898089108718033,-1.958256184542657,-0.43161827452148444,-2.065438754418123,-0.1190992737875208,-0.3044404424305909,-0.35733526782654296,0.0,0.0,0.0,0.0,0.0,0.0,0.0,0.27551572272371094,-1.1828471941472596
-0.006402858403405515,-0.009023477675222168,1.0379882272189707,-2.466907498473984e-09,1.0665794398284016e-11,1.4854074978956836e-12,1.0,2.2483354096579194e-06,0.01544349890909515,-0.5725763651176468,1.1906450700824793,-0.618069201154462,-0.01715136818706781,2.285078459214978e-06,0.015443522034451958,-0.5725764493156322,1.1906452389031976,-0.6180692921207352,-0.01715138830296939,-0.5386090541110155,-0.05897895837336368,0.2659028508003976,0.15745525436806196,-0.0029092483986622054,-0.5094048582895575,0.0002949596868515569,-0.0009829441842635327,0.10255050924373112,0.0,0.0,0.0,0.0,0.0,0.0,0.0,-0.38678512665353487,-2.799508120198249,-0.7278138275846543,-2.0904404903659928,-0.8209808865610225,1.1821314442866866,0.39988261690356075,0.0,0.0,0.0,0.0,0.0,0.0,0.0,0.609175063161265,-1.24354709205
-0.032649358484830256,0.016003529336414878,1.0393140815441764,6.450430619617285e-06,-7.449836907991963e-07,-4.838636620351908e-06,0.9999999999672122,1.5034286008794792e-05,-0.027336752086064703,-0.6107211267356397,1.1761162961591511,-0.5654058575071024,0.025621781857507943,1.0924971684711587e-06,-0.027335813567308093,-0.610715309047902,1.1760849231111754,-0.5653642538101264,0.025640346157793346,-0.5154267151533652,0.08220505006593841,0.2659028508003976,0.15745525436806196,-0.0029092483986622054,-0.5094048582895575,0.0002949596868515569,-0.0009829441842635327,0.10255050924373112,0.0,0.0,0.0,0.0,0.0,0.0,0.0,0.41797292403048114,-2.799508120198249,0.99694506911988,-1.8815269399203405,1.7005941791672716,1.211318281584476,0.31592090573096226,0.0,0.0,0.0,0.0,0.0,0.0,0.0,0.1720015314694522,-0.9646387232765778
-0.041638389068725384,0.0043601367291404396,1.0260585106505193,2.286615358059019e-09,6.358227187096372e-10,1.871179306055817e-09,1.0,4.747151351583822e-08,-0.007618873368676081,-0.6562318196910777,1.2397392978460582,-0.5835074806816627,0.005910866102825565,5.2416360624244085e-08,-0.007618870663523159,-0.6562319351217256,1.2397394621096922,-0.5835075317432037,0.005910870193267097,-1.187100533758785,-0.202894525544075,0.2659028508003976,0.15745525436806196,-0.0029092483986622054,-0.5094048582895575,0.0002949596868515569,-0.0009829441842635327,0.10255050924373112,0.0,0.0,0.0,0.0,0.0,0.0,0.0,1.48904487614025,-2.389675181734365,2.3012510357026525,-0.17460601932787226,2.384193873229918,1.301026862974857,0.6429523025848298,0.0,0.0,0.0,0.0,0.0,0.0,0.0,-0.1737498345913687,-0.24804961415009985
-0.05363037435828501,0.03508839631256077,1.0341820979494472,-4.123422811621004e-11,1.7558287148177753e-10,1.572374948211277e-11,1.0,-3.6058295241655194e-08,-0.060379124294059276,-0.6522976707813116,1.187956261443408,-0.5356585860985398,0.058671133761610164,-1.0753126504430538e-07,-0.06037635595980982,-0.652319298534776,1.188005009018489,-0.5356856927514396,0.058668340579667584,-1.193805208368,0.08342522370611992,0.2659028508003976,0.15745525436806196,-0.0029092483986622054,-0.5094048582895575,0.0002949596868515569,-0.0009829441842635327,0.10255050924373112,0.0,0.0,0.0,0.0,0.0,0.0,0.0,1.5006571176227377,-2.3922073626061473,2.2991282746600654,-0.1419265711032811,2.3876104167265,1.301579289679,0.6466444878640999,0.0,0.0,0.0,0.0,0.0,0.0,0.0,-0.18456856839809999,-0.2282695253526028
-0.03771222007555543,0.01697737247448794,1.0697035354800823,1.7002558676129735e-08,9.08461441298405e-09,2.864539083582835e-08,0.9999999999999994,-2.3700341564796942e-07,-0.027556874316797778,-0.5396564473674454,1.0069175796177225,-0.46726101660540886,0.025848821231372547,-3.6166206453942503e-06,-0.027555728673321418,-0.5396649043252885,1.0069390066305866,-0.4672735401429225,0.025847620081988085,-1.034052841294196,-0.202894525544075,0.2659028508003976,0.15745525436806196,-0.0029092483986622054,-0.5094048582895575,0.0002949596868515569,-0.0009829441842635327,0.10255050924373112,0.0,0.0,0.0,0.0,0.0,0.0,0.0,1.309620109770354,-1.0325897558920802,2.3047072772564996,-0.052447144022359504,2.3876104167265,1.301579289679,-0.3391698361044886,0.0,0.0,0.0,0.0,0.0,0.0,0.0,0.7605272215561,-0.3473310679772134
-0.004981251954329826,0.033336925764203704,1.0705441961976412,-5.789981762132277e-08,2.9244974620352834e-07,1.7479613655409758e-07,0.9999999999999403,2.740654777698479e-06,-0.053993621907407696,-0.48723695438983844,1.0082368400867574,-0.5209998011140898,0.05228388079512337,1.5897027493948342e-06,-0.05399324553093776,-0.4872340781189833,1.0082398122950076,-0.5210056521688984,0.05228550369192132,-1.193805208368,-0.202894525544075,-1.3307317091421011,1.0506528831225572,-2.3047072772564996,-0.052447144022359504,-2.3876104167265,-1.301579289679,-0.21332383619316245,0.0,0.0,0.0,0.0,0.0,0.0,0.0,-0.26586779681313294,-0.15739537881045845,0.0028801536673350205,-0.5096010705088115,-0.00033624290046640115,0.0009813789448866008,0.10234754309864538,0.0,0.0,0.0,0.0,0.0,0.0,0.0,0.7605272215561,0.32325917739492593
0.000268577585374656,0.03567916729205011,1.0715069180011252,-9.542212823065101e-09,-5.973296869308313e-08,2.3842104614791412e-08,0.9999999999999979,-1.1523239046831196e-06,-0.05769488434018407,-0.4761552277990799,1.0025624168782328,-0.5264066770089421,0.05598564530131482,-6.825123968050353e-06,-0.057697069257502266,-0.4761702646911684,1.0025997268320923,-0.52642994654327,0.055988014739973786,-1.1833993932083924,-0.202894525544075,-1.510733704207835,1.0012274124036078,-2.3047072772564996,-0.052447144022359504,-2.3876104167265,1.301579289679,-0.6466444878640999,0.0,0.0,0.0,0.0,0.0,0.0,0.0,-0.26586779681313294,-0.15739537881045845,0.0028801536673350205,-0.5096010705088115,-0.00033624290046640115,0.0009813789448866008,0.10234754309864538,0.0,0.0,0.0,0.0,0.0,0.0,0.0,0.7605272215561,0.4056442070216318
-0.07417442406387277,0.046274007417459045,1.061526075296361,0.0003646240704364695,0.00023524743185767249,-0.0001333021632776249,0.9999998969692279,0.00023046573546645112,-0.0770528004019155,-0.6069436354838083,1.021859036316639,-0.4153871034238772,0.07461559248655714,0.00023045836335176668,-0.07706839053540075,-0.6073488074375284,1.022537083725251,-0.4156599794448295,0.07463118262137518,-0.8304019497787033,0.6421438307429456,0.10904941697509578,2.177272580034627,-0.09359271865878796,-1.605661981530399,1.5671924104429562,-0.629680524126201,0.5923676182441012,0.0,0.0,0.0,0.0,0.0,0.0,0.0,-0.2661221255713967,-0.1604518695299431,0.0069108656311365965,-1.6588566823242776,-0.0006541987912171739,0.0008570840842511408,0.10630546816237728,0.0,0.0,0.0,0.0,0.0,0.0,0.0,0.7605272215561,1.1240713424912683
-0.07670781111713629,0.050362360977547704,1.0733211657543125,0.0003778063418325105,0.00029816258124493595,-0.00015240277673761975,0.9999998725674103,0.00025591843482555214,-0.08220179112251308,-0.5749290475552596,0.9473590116151576,-0.3730280990950377,0.07973819655413665,0.0002559082971650761,-0.08221869084153871,-0.575376520948833,0.9481067901590494,-0.3733284050778345,0.07975509627618427,-0.8223888384292596,0.7049833010708337,-0.051781667806644026,2.0036130225937043,-0.2099010633214553,-1.5823316053862548,1.3717460562935728,-0.4552414286462083,0.5087178517190026,0.0,0.0,0.0,0.0,0.0,0.0,0.0,-0.32294694571335897,-0.19129993124944264,-0.010923893948062107,-1.6901545422428423,7.118382024124602e-05,-0.0016603143903164569,0.10159386408679026,0.0,0.0,0.0,0.0,0.0,0.0,0.0,0.7605272215561,0.9947867948843031
-0.08193958092904678,0.021533288771214756,1.0845432431637076,0.00035795087734542065,0.0003822181609486313,0.0003456730664524129,0.9999998031452696,-0.0007179425881388336,-0.03512848031017145,-0.5514981850129917,0.8813210008676113,-0.3305878771704086,0.03270494764160633,-0.0007179477679444302,-0.03513525002509882,-0.5517603137701692,0.8822414837215938,-0.33124623144973114,0.03271171735888642,-0.4518140767716036,0.7057717938219255,0.0036654223083421363,1.6682832196957982,0.4501367406875688,-2.060057362279351,0.11169004582465575,-1.301579289679,0.1607073046814205,0.0,0.0,0.0,0.0,0.0,0.0,0.0,0.17860587371462622,-0.2485120165039274,-0.023969859799518923,-0.5542223869719561,-0.006723752553663908,0.04086288492174575,0.051015015732308336,0.0,0.0,0.0,0.0,0.0,0.0,0.0,0.7605272215561,1.0154223322609202
-0.0768284748078697,0.012642287100243458,1.0774731517982445,0.0003227816225802649,0.0003128723967160964,0.0004063418669646036,0.9999998164045705,-0.0008257353272282096,-0.02117128763360527,-0.5684937326167097,0.9333404523229547,-0.36547277273922096,0.018818077456142418,-0.0008257376793774608,-0.0211750460591528,-0.5686675084331588,0.9341527475062066,-0.366111292155823,0.018821835882426016,-0.3418276510981488,0.4892231755780873,-0.3146593284596804,1.6836478772235464,0.17852226002918664,-1.9229472694452805,-0.1424979258489061,-1.2999670589520167,-0.03258662369594321,0.0,0.0,0.0,0.0,0.0,0.0,0.0,0.06726478747941599,-0.14947967885310592,0.012472470245264792,-0.5232304717794679,0.0480560174132658,0.021157408407625044,0.052098626894386595,0.0,0.0,0.0,0.0,0.0,0.0,0.0,0.7605272215561,0.7700737731406855
-0.10141246624320141,0.012102566147239075,1.0567673861919211,0.00032355759706748045,0.0003111280585209251,0.0006421227509521569,0.9999996930940456,-0.0012971004537113326,-0.020967598658989135,-0.6577679022620383,1.032936363042343,-0.37579117492127395,0.018612981992208906,-0.0012971029434167977,-0.020971598154870368,-0.6578357485308779,1.0337938888733333,-0.37658085453157947,0.01861698148758376,-0.10009055174851157,0.1644465758242718,-0.8488813325710913,0.9178166499516031,0.5073985748185819,-1.1905299894467023,1.4698467525753203,-1.29657684111782,0.6411632966658976,0.0,0.0,0.0,0.0,0.0,0.0,0.0,0.7504399976635937,-1.0266112382142958,-0.3916875540460811,-1.3242319129816045,1.6453277162844848,-1.1413264307705056,-0.6466444878640999,0.0,0.0,0.0,0.0,0.0,0.0,0.0,0.6646562110214757,-0.32560798238958544
-0.10336107525992182,0.012467502355981744,1.0578714906590283,0.0003480225294277949,0.00030744696479221634,0.0006560451072255872,0.9999996769806979,-0.0013251707575270045,-0.021604051336366847,-0.6567443830823365,1.0244725756669524,-0.36834359235781583,0.019200508681488353,-0.0013251734683061335,-0.021608457776872023,-0.6568367713778005,1.0253923891969543,-0.36917101765091886,0.019204915122826842,-0.09987122768145103,0.14767977784921177,-0.9517250579303375,0.8867926540194134,0.513426706395756,-1.1784406794345454,1.4521432465337967,-1.1896894887176148,0.6345905720584424,0.0,0.0,0.0,0.0,0.0,0.0,0.0,0.8519588347756852,-0.9887388564779229,-0.386895305496757,-1.3060755486837845,1.666842162306852,-1.0312960430479199,-0.6447290793518473,0.0,0.0,0.0,0.0,0.0,0.0,0.0,0.6642589538433419,-0.3256160321556143
-0.08073660015645884,0.03105966844764636,1.0435799922500213,8.57646509795042e-05,0.00019801406842439106,0.0001618330958370642,0.9999999636224506,-0.00034458093861779355,-0.05285681183448834,-0.6667124461593106,1.1213870302122304,-0.45507109928143974,0.05097744540945448,-0.00034458197775513933,-0.05285943042986021,-0.6667181816482913,1.1215871087188571,-0.45526544235398786,0.05098006400503235,-0.035437786177601835,0.00586324141487401,-1.0967277554596686,0.821644413836059,0.507333452698557,-1.3411336284749666,1.408695868251675,-1.009997459807179,0.6466444878640999,0.0,0.0,0.0,0.0,0.0,0.0,0.0,0.41576436006854595,-1.2140582197146441,-0.1012748217104248,-1.240314308756069,1.3369188367493876,-1.301579289679,-0.6347150651049086,0.0,0.0,0.0,0.0,0.0,0.0,0.0,0.7237594823428539,-0.0358427466688538
-0.05434101126993126,0.020746943219409137,1.0283048228039156,-7.940574174391071e-05,0.0002697458578364129,-7.211629734049517e-06,0.9999999604399455,-4.9759321444871835e-06,-0.03587005004151483,-0.6699302703722686,1.220384891871516,-0.5509943669982086,0.03432095740627731,-4.974907459980821e-06,-0.03586836087264405,-0.6698694056978421,1.2202496976326767,-0.5509200373083845,0.03431926823692634,-0.10456185097853453,-0.036899416366614084,-0.683173338395044,1.0524833504291016,0.22960343532231953,-2.0595758896339325,1.834536883889057,-0.39510443006419804,0.6466444878640999,0.0,0.0,0.0,0.0,0.0,0.0,0.0,0.14798687244595995,-1.4272665697257605,-0.06314960567660952,-1.973843245363794,1.034986338551798,-0.7603355981535608,-0.5882533715469799,0.0,0.0,0.0,0.0,0.0,0.0,0.0,0.7603052739548813,0.17366315660966863
-0.06670577219801825,-0.05191746055175054,1.0663821171588623,0.00021344358242680796,0.00037462943476941504,0.0012321213663390122,0.9999991479854182,-0.002400961580270118,0.08399994212515677,-0.5833105917746303,0.9967117442421902,-0.4141534956062054,-0.08613383445128048,-0.002400954702681979,0.0840090544351746,-0.5829896835711298,0.9974567205002309,-0.4152193806448099,-0.08614294676387542,0.7313116469065771,0.45111289517969994,0.1046355477026323,0.0937870421650379,0.18720250419234624,-0.5705540342806705,-0.12476661856533042,0.0004913101000353408,0.20346132390757873,0.0,0.0,0.0,0.0,0.0,0.0,0.0,0.7131525582494187,-2.4666215301501073,0.6383601965433056,-1.4687199260989445,1.243074769303883,-0.562641190774896,-0.6448257698003267,0.0,0.0,0.0,0.0,0.0,0.0,0.0,0.48493040463466247,-0.6236910294681535
-0.07173756488745898,-0.0594413542133687,1.0796015520814983,0.00036149081622425015,0.000592883341593921,0.0014364554605137618,0.9999987272039115,-0.0027609182453290685,0.09373791603497747,-0.5485730810468847,0.9067939029023319,-0.35941276475551726,-0.09616716530280837,-0.002760897539174743,0.09375521811061388,-0.5483818887945903,0.9080042363689511,-0.36081429241270846,-0.09618446739071683,0.7287300168240718,0.5831199859859592,0.15306373313255223,0.11587298861553222,0.1938864160705942,-0.5634190468630224,-0.12496244018364418,0.0023553631208725447,0.2050970026173599,0.0,0.0,0.0,0.0,0.0,0.0,0.0,0.7632212007662724,-2.333220768535131,0.5987492283963454,-1.365371834743356,1.275406538027013,-0.3869724288174464,-0.6465007347188674,0.0,0.0,0.0,0.0,0.0,0.0,0.0,0.45272386364843975,-0.5699994075884305
0,0,1.095,0,0,0,1,0.0,0.0,-0.411354,0.859395,-0.448041,-0.001708,0.0,0.0,-0.411354,0.859395,-0.448041,-0.001708,0,0.006761,0.25847,0.173046,-0.0002,-0.525366,0,0,0.1,0,0,0,0,0,0,0,-0.25847,-0.173046,0.0002,-0.525366,0,0,0.1,0,0,0,0,0,0,0,0,0
