-0.028822404635487638,0.00988135685104202,1.0754400779119808,1.8673108948717663e-19,9.355423278786117e-20,-5.361287694187783e-21,1.0,-9.937172166536803e-19,-0.01589368787554099,-0.5114122593955964,0.9773167274711534,-0.465904468075557,0.014185687875540988,-8.227954948295468e-20,-0.015893687875540977,-0.5114122593955965,0.9773167274711535,-0.465904468075557,0.014185687875540975,-0.00108197620721862,0.00577018285676806,-0.5653607794407088,0.21846802465067594,0.3378568577189139,-2.17808364002365,0.04307139943011762,0.08809694593321594,-0.23601994581810146,0.0,0.0,0.0,0.0,0.0,0.0,0.0,-0.26586779681313294,-0.15739537881045845,0.0028801536673350205,-0.5096010705088115,-0.00033624290046640115,0.0009813789448866008,0.10234754309864538,0.0,0.0,0.0,0.0,0.0,0.0,0.0,0.7605272215561,0.5903784103646743
-0.02639246522272238,0.008893969915422005,1.074155718712187,3.556275935610531e-06,1.2534461150289667e-06,1.254025487706712e-05,0.9999999999142619,-1.5801970741878096e-05,-0.01436624512612355,-0.5116397427919638,0.986207142811032,-0.4745654029894554,0.012678645780923748,-1.6581106266846853e-05,-0.014375597293477394,-0.5116605460629489,0.986218341394056,-0.47453635620950824,0.01265408449267704,0.07365308328580442,-0.0534287192735725,-0.6009100683440378,0.28524605865880437,0.2511278080703431,-2.17808364002365,2.3876104167265,-0.6755786003787497,-0.11525549172094834,0.0,0.0,0.0,0.0,0.0,0.0,0.0,-0.26586779681313294,-0.15739537881045845,0.0028801536673350205,-0.5096010705088115,-0.00033624290046640115,0.0009813789448866008,0.10234754309864538,0.0,0.0,0.0,0.0,0.0,0.0,0.0,0.7605272215561,0.6327142324553225
-0.028259731034122236,-0.006571128596060485,1.073306764193885,-1.2941240855791447e-09,1.3576806714492263e-09,-2.250684468664366e-09,1.0,2.037766147044605e-09,0.010606255213609877,-0.5167409279608948,0.9906718210974245,-0.47393089012103756,-0.012314248707610526,-3.8785837855192315e-09,0.010606254272256753,-0.5167409222052464,0.9906717976896106,-0.4739308833512502,-0.012314251581238693,1.1728275225764164,-0.12018673262622048,-0.7490744554957527,0.24158623671868387,0.2610560648611263,-2.17808364002365,2.151812292367835,-0.6511585507741974,-0.25028041242052507,0.0,0.0,0.0,0.0,0.0,0.0,0.0,-0.26586779681313294,-0.15739537881045845,0.0028801536673350205,-0.5096010705088115,-0.00033624290046640115,0.0009813789448866008,0.10234754309864538,0.0,0.0,0.0,0.0,0.0,0.0,0.0,0.7605272215561,0.4981834355547756
-0.047567023039367023,-0.0341924641132348,1.0870269484145325,1.6698933167954175e-06,-3.4365470371324637e-07,1.3447329950832125e-06,0.9999999999976424,-1.326545487816003e-06,0.053935311466880145,-0.49983702071528524,0.8893333139107946,-0.38949541629239887,-0.05564090202803906,9.603928758475859e-07,0.05393710290551616,-0.49983465447407116,0.8893284563424063,-0.38949320528832204,-0.05564651356901972,0.6662134099095819,0.4999296228555087,-0.32682389774227355,0.7866082412084262,0.2499353318182179,-2.158276072855369,0.36889406456651,-0.39171603073135297,0.08944897866989562,0.0,0.0,0.0,0.0,0.0,0.0,0.0,-0.26586779681313294,-0.15739537881045845,0.0028801536673350205,-0.5096010705088115,-0.00033624290046640115,0.0009813789448866008,0.10234754309864538,0.0,0.0,0.0,0.0,0.0,0.0,0.0,0.7605272215561,0.7052219412123756
-0.019033179348694772,-0.0015340301171475194,1.0734942197308461,3.6912835143713772e-09,-2.0282635712298097e-10,-1.5704054839081876e-10,1.0,-5.51971067095883e-08,0.002475620768797412,-0.5028655912227923,0.9928543788977404,-0.4899887786299301,-0.0041836263304748204,3.199093234972593e-08,0.0024755504152572817,-0.5028653723811155,0.9928539175515845,-0.48998855055979557,-0.0041835491880553915,1.0861458839024254,-0.17028553109064562,-0.5076211809774263,0.2120093503404871,0.3980375460341006,-2.17808364002365,-1.9019168688662123,0.17678267591940036,0.36724354487524025,0.0,0.0,0.0,0.0,0.0,0.0,0.0,-0.26586779681313294,-0.15739537881045845,0.0028801536673350205,-0.5096010705088115,-0.00033624290046640115,0.0009813789448866008,0.10234754309864538,0.0,0.0,0.0,0.0,0.0,0.0,0.0,0.7605272215561,0.7221247390362207
-0.008269251417794433,0.025657150159218375,1.0776031785027294,2.391817553923005e-19,6.30063332451521e-20,-1.177549633085573e-20,1.0,-6.470910784118658e-16,-0.041105577898272995,-0.4738156000404139,0.9673497776803532,-0.4935341776399392,0.03939757789827302,-6.283296299773602e-16,-0.04110557789825417,-0.4738156000403567,0.9673497776802827,-0.4935341776399257,0.03939757789825416,-1.1937675571775928,0.06728973037103611,-0.5555196248784696,0.21360541893149967,0.32980855889172983,-2.177300826218785,-1.6253144438741132,0.20320815072252382,0.19790675501636826,0.0,0.0,0.0,0.0,0.0,0.0,0.0,-0.26586779681313294,-0.15739537881045845,0.0028801536673350205,-0.5096010705088115,-0.00033624290046640115,0.0009813789448866008,0.10234754309864538,0.0,0.0,0.0,0.0,0.0,0.0,0.0,0.7605272215561,0.6080998721053544
-0.04127493932900919,0.021786232729106913,1.0699275247158593,1.7155112105014218e-06,-9.589943430484514e-06,-2.6957688946728556e-06,0.9999999999489114,-1.4816335186759806e-05,-0.03536520159751911,-0.5436112382925566,1.0030849889694466,-0.4594732769765427,0.03364902672771562,7.861911552238624e-06,-0.035360014591006995,-0.5436315729071326,1.003122744724553,-0.45947902698919546,0.03366469471087787,-1.013589701102108,0.15302498982549792,-0.37124907779791994,1.3799892698291258,-0.2230073523907143,-0.968113349259853,-1.5963423816878406,1.2919608115978527,0.33432592751677065,0.0,0.0,0.0,0.0,0.0,0.0,0.0,-0.26586779681313294,-0.15739537881045845,0.0028801536673350205,-0.5096010705088115,-0.00033624290046640115,0.0009813789448866008,0.10234754309864538,0.0,0.0,0.0,0.0,0.0,0.0,0.0,0.7605272215561,0.8791963105130038
-0.03127667045086901,0.0028451454557319894,1.0620277707026318,-4.432333973010951e-06,4.817189717168221e-06,7.931169398788519e-06,0.9999999999471227,1.573855288689011e-05,-0.004661780072047162,-0.5519461006832583,1.0554522055179067,-0.503501568777905,0.0029566046021806346,2.7971663327942996e-06,-0.004655186151863319,-0.5519695476441844,1.0554934424438167,-0.5035315189695038,0.0029327022736801026,-0.827547485553838,-0.202894525544075,-0.689309754099652,1.507589221772593,-1.1749956991575699,-0.6302878481595716,-0.9642484219996701,-0.0627041619119563,0.6466444878640999,0.0,0.0,0.0,0.0,0.0,0.0,0.0,-0.26586779681313294,-0.15739537881045845,0.0028801536673350205,-0.5096010705088115,-0.00033624290046640115,0.0009813789448866008,0.10234754309864538,0.0,0.0,0.0,0.0,0.0,0.0,0.0,0.7605272215561,0.8722191990824812
-0.012114844493535226,-0.006565173017489082,1.0450407355158877,6.058058617515564e-07,-6.077017497694298e-07,-1.3622519809317781e-06,0.9999999999987039,3.5448436330366135e-06,0.01109903516716172,-0.5652931166120139,1.1533191498723134,-0.5880283885234222,-0.012808896421992559,-7.263441944516517e-07,0.011101499902621655,-0.5652849565603275,1.1533191953085233,-0.5880334758277883,-0.01281631441548506,1.000774894289033,-0.202894525544075,-0.8025834512358432,2.489680140655019,-1.763861472519516,-1.788761366697901,2.137913311705422,-1.08567977554266,-0.6299038952463403,0.0,0.0,0.0,0.0,0.0,0.0,0.0,-0.26586779681313294,-0.15739537881045845,0.0028801536673350205,-0.5096010705088115,-0.00033624290046640115,0.0009813789448866008,0.10234754309864538,0.0,0.0,0.0,0.0,0.0,0.0,0.0,0.7605272215561,0.987677214700937
-0.08811830008696206,-0.03674764217847575,1.0803297014198685,7.295023914308467e-09,4.557507732458442e-07,9.478276146452114e-07,0.9999999999994469,-2.3919256159895913e-06,0.05858309343190867,-0.5687468338388966,0.8989946185126865,-0.33025066721151514,-0.06028365452805877,-1.7582181906981132e-06,0.05858307260581378,-0.5687620869452176,0.899022208364007,-0.3302619754590245,-0.06029111016538262,0.5125893370518436,0.709040008623075,-1.2048074264423458,2.799508120198249,-2.2729719000957513,-1.8238987691789867,2.3876104167265,-1.301579289679,0.6446921494478101,0.0,0.0,0.0,0.0,0.0,0.0,0.0,-0.26586779681313294,-0.15739537881045845,0.0028801536673350205,-0.5096010705088115,-0.00033624290046640115,0.0009813789448866008,0.10234754309864538,0.0,0.0,0.0,0.0,0.0,0.0,0.0,0.7605272215561,1.144981951253925
-0.050169889850497744,-0.029117799788299984,1.0313714429435314,-1.2019072670264326e-09,-1.5882900177770197e-10,1.1164287251123499e-10,1.0,-4.34354759424098e-09,0.05036587347277695,-0.6548374692378465,1.205685565159871,-0.5508480956031058,-0.05207386813107541,6.502313704798316e-10,0.05036599285811133,-0.654834853953796,1.2056776035887018,-0.5508427502054639,-0.05207399179220859,1.193805208368,0.022614423190832043,-1.4760414870509597,2.4173814690004978,-2.3018693396552403,-0.17957838567481021,2.3434726330620808,-1.2986134280821477,-0.6204227297284077,0.0,0.0,0.0,0.0,0.0,0.0,0.0,-0.26586779681313294,-0.15739537881045845,0.0028801536673350205,-0.5096010705088115,-0.00033624290046640115,0.0009813789448866008,0.10234754309864538,0.0,0.0,0.0,0.0,0.0,0.0,0.0,-0.1687394945542398,0.28797764406188486
-0.02636170071522732,-0.006338250209763534,1.03026352156992,-1.9021205112309188e-14,-3.9299969089465754e-17,-7.221063288327666e-22,1.0,-3.5542059191430945e-09,0.010993814383580928,-0.6226467501257142,1.2248399294123617,-0.6021931799480925,-0.012701814096662236,2.55031987236522e-09,0.010993823823492378,-0.6226463416263143,1.2248392116299267,-0.6021928711357832,-0.012701821348574538,1.193805208368,-0.14977886270115642,-1.3015609775823787,2.743695955056626,-2.2638982810924824,-1.4127199057445832,-0.6887917130397936,-1.301402480521109,0.5931693937620796,0.0,0.0,0.0,0.0,0.0,0.0,0.0,-0.26586779681313294,-0.15739537881045845,0.0028801536673350205,-0.5096010705088115,-0.00033624290046640115,0.0009813789448866008,0.10234754309864538,0.0,0.0,0.0,0.0,0.0,0.0,0.0,-0.18456856839809999,0.8224482095293763
-0.024955585453630257,0.009721823928158214,1.0286373490318843,1.243979269863223e-12,-7.482350517721937e-13,-1.4526517165105683e-12,1.0,3.437561495400519e-11,-0.01690947602857195,-0.6240500316849396,1.2331334716148843,-0.6090834399333124,0.015201476044573071,3.539208052148235e-11,-0.016909472440698386,-0.6240500175506731,1.2331334375057632,-0.6090834199557842,0.015201472468584777,0.3951606597653654,-0.17467037849201708,-1.4211628052384895,2.799508120198249,-2.3047072772564996,-1.1369526871891207,-1.851039476139732,1.3015167610376215,-0.6466444878640999,0.0,0.0,0.0,0.0,0.0,0.0,0.0,-0.26586779681313294,-0.15739537881045845,0.0028801536673350205,-0.5096010705088115,-0.00033624290046640115,0.0009813789448866008,0.10234754309864538,0.0,0.0,0.0,0.0,0.0,0.0,0.0,-0.11611386444208809,0.8927000213716068
-0.002467478908722156,-0.003626963037042495,1.0328259423058952,-3.295247505742246e-08,1.111592501160111e-08,1.9851020584188717e-08,0.9999999999999991,-2.5093643097597946e-06,0.006268811854509121,-0.5779345581819839,1.2174734500238773,-0.6395381953767431,-0.007977716647908884,-4.5504005635176465e-06,0.006270942027262421,-0.5779401747516274,1.2174804096729694,-0.6395405670880534,-0.007979150494786392,1.1174161981902617,-0.15141567283054275,-0.6312870995192189,2.5106515380593866,-2.0955857553931505,-0.4709267269441645,-2.2881065008910095,1.301579289679,0.6466444878640999,0.0,0.0,0.0,0.0,0.0,0.0,0.0,-0.26586779681313294,-0.15739537881045845,0.0028801536673350205,-0.5096010705088115,-0.00033624290046640115,0.0009813789448866008,0.10234754309864538,0.0,0.0,0.0,0.0,0.0,0.0,0.0,-0.18456856839809999,1.1920919321819334
-0.05114139028573131,-0.07952654535856954,1.068625135255196,-8.885597795861749e-07,-5.005280668588722e-07,1.4269961909376384e-06,0.9999999999984618,-5.648209112256195e-06,0.12863580830941632,-0.5471944695071504,0.9769636851661253,-0.4297700535410028,-0.1303432479131906,-1.072812258823314e-05,0.1286290854090392,-0.5472093411456214,0.9769845004832604,-0.42977636956950577,-0.13033540378098118,1.193805208368,0.5333699176710274,-1.0301795800491658,2.315495028217455,-0.5073479582170994,-0.6954465825526424,-2.0954954198919795,-0.5623854630901022,0.3388900044244721,0.0,0.0,0.0,0.0,0.0,0.0,0.0,-0.26586779681313294,-0.15739537881045845,0.0028801536673350205,-0.5096010705088115,-0.00033624290046640115,0.0009813789448866008,0.10234754309864538,0.0,0.0,0.0,0.0,0.0,0.0,0.0,-0.17139504166402944,0.4155403188018434
-0.03085551684450825,-0.07195595311977047,1.0945798810000522,4.5030716635071606e-07,-1.8778035615464764e-06,-1.7650300984015836e-06,0.9999999999965778,-3.159810702946681e-07,0.11181749587188512,-0.44357834493079995,0.8253431332011054,-0.3817643180345464,-0.11352660859105788,-1.1499559269982626e-06,0.11182201055138397,-0.44359788299156655,0.8253837167904428,-0.38178387049903323,-0.11352247840107443,0.9137411651075288,0.709040008623075,-0.40807557823580326,1.5302029288495154,-0.5404494111257864,-0.33453316114288706,-1.459944424317428,-0.8338850941057018,0.6108969090991593,0.0,0.0,0.0,0.0,0.0,0.0,0.0,-0.26586779681313294,-0.15739537881045845,0.0028801536673350205,-0.5096010705088115,-0.00033624290046640115,0.0009813789448866008,0.10234754309864538,0.0,0.0,0.0,0.0,0.0,0.0,0.0,0.7601662241646746,1.24354709205
-0.029145724263513348,-0.029269331148800287,1.049291646536269,1.440758653383115e-06,-4.5224679347252967e-07,-9.528583733545772e-07,0.9999999999984058,1.9459093883073886e-05,0.04910673551737933,-0.5797089738941542,1.1224251950215849,-0.5427097283526223,-0.05082116932673087,3.455851909290927e-06,0.04911610159829777,-0.5797069994609743,1.1224011077255887,-0.5426888279285316,-0.05083110348755247,0.24281766572392313,0.1873163505015615,0.007785946932030457,1.9303707547116378,-0.17496586095947914,-0.994774333403713,-2.06497423595725,-0.14516039189659402,0.590600416940206,0.0,0.0,0.0,0.0,0.0,0.0,0.0,-0.26586779681313294,-0.15739537881045845,0.0028801536673350205,-0.5096010705088115,-0.00033624290046640115,0.0009813789448866008,0.10234754309864538,0.0,0.0,0.0,0.0,0.0,0.0,0.0,0.28062241778760105,1.24354709205
-0.0253272217278691,-0.017030160370090423,1.043785182252905,2.0723485999727519e-07,-1.8848050259205968e-06,-2.495284324767552e-07,0.9999999999981711,-2.58149750850032e-06,0.02885405586519052,-0.588563933817057,1.1553051381532264,-0.5667387571321776,-0.030565465845004105,-3.13276669322274e-07,0.02885520691088562,-0.588560779872647,1.1552972471760319,-0.5667348785019153,-0.030563256483525467,0.2639976500582285,0.15856425040052208,0.1772779765482379,2.161874654087935,0.08059626398067389,-1.7061024834501268,-0.6351921249331309,0.8995093637172482,-0.21335147084164705,0.0,0.0,0.0,0.0,0.0,0.0,0.0,-0.26586779681313294,-0.15739537881045845,0.0028801536673350205,-0.5096010705088115,-0.00033624290046640115,0.0009813789448866008,0.10234754309864538,0.0,0.0,0.0,0.0,0.0,0.0,0.0,0.29917953714925016,1.1297410305651543
-0.0051576653748434355,0.03596075330599919,1.0308789697790857,-7.076005430553693e-17,1.001741214528834e-18,-1.5246108879569591e-18,1.0,1.1778103464364837e-12,-0.062232102967164714,-0.5843024986516208,1.2212966233594158,-0.6369941247076206,0.06052410296731901,1.0453987573556317e-11,-0.06223210298106936,-0.5843024984892042,1.2212966230178992,-0.6369941245271004,0.060524102981173264,-1.0925581688057786,-0.0947072235127727,-1.4346014300401377,2.3034468880975707,0.24452034491382663,-0.08177235937469475,-0.05751619978288599,-1.2969135064617272,-0.6043684639430259,0.0,0.0,0.0,0.0,0.0,0.0,0.0,-0.26586779681313294,-0.15739537881045845,0.0028801536673350205,-0.5096010705088115,-0.00033624290046640115,0.0009813789448866008,0.10234754309864538,0.0,0.0,0.0,0.0,0.0,0.0,0.0,-0.1432984835000332,0.2251984262024014
-0.00018943216722150413,-0.022116088350570384,1.0387867379805684,-1.0636197502729233e-09,-6.463931700255222e-09,-8.985932458310011e-10,1.0,2.4816414219352782e-08,0.037770924931989275,-0.5596810610991333,1.1856160157754507,-0.6259349579186757,-0.039478856258537226,4.939350068267519e-08,0.03777095604474294,-0.5596807548909132,1.1856153224804955,-0.6259345766950816,-0.03947893970568111,1.064664021483848,0.07118619350467648,-0.2288756988014048,2.1374154701081087,1.7690247569807895,-0.052447144022359504,-1.2450091968763624,-1.301579289679,-0.6466444878640999,0.0,0.0,0.0,0.0,0.0,0.0,0.0,-0.26586779681313294,-0.15739537881045845,0.0028801536673350205,-0.5096010705088115,-0.00033624290046640115,0.0009813789448866008,0.10234754309864538,0.0,0.0,0.0,0.0,0.0,0.0,0.0,-0.18456856839809999,1.24354709205
-0.056853394266570045,-0.05365478115721204,1.0477878943120793,-1.818757433221003e-07,-2.307544219715213e-07,-1.4534297725702998e-07,0.9999999999999463,7.934825192783637e-07,0.09008309382232262,-0.6192034099735162,1.1077686243341966,-0.4885648170617084,-0.09179117725922867,4.4365660020933254e-07,0.09008297547736471,-0.6192027737214145,1.1077667797542619,-0.48856393710456353,-0.09179023105286932,1.0642747103662504,0.2916628707554964,-1.3171097547662343,2.2660349615643445,2.3007747085816064,-0.07942985368551923,2.37885503376983,-1.298436954820488,-0.6433109469071584,0.0,0.0,0.0,0.0,0.0,0.0,0.0,-0.26586779681313294,-0.15739537881045845,0.0028801536673350205,-0.5096010705088115,-0.00033624290046640115,0.0009813789448866008,0.10234754309864538,0.0,0.0,0.0,0.0,0.0,0.0,0.0,-0.15691002000979423,0.6043211468142223
-0.061040211867987144,-0.07361660761072031,1.0667368223909655,3.887677464727143e-15,-2.110410568168041e-15,-7.478748436383014e-16,1.0,6.271276828691847e-13,0.11952788471705593,-0.5675783094962757,0.9861278113460207,-0.41854950185015466,-0.12123588471621806,-1.0490116628509662e-11,0.11952788472791769,-0.5675783095406227,0.9861278114373104,-0.4185495018985544,-0.12123588472721529,1.1212214104788873,0.5058943561946281,-1.3533451919668535,2.205688683743882,2.2864761607214574,-0.10904181599700496,2.3684139635540657,-1.3012559954357583,-0.6284420175308254,0.0,0.0,0.0,0.0,0.0,0.0,0.0,-0.26586779681313294,-0.15739537881045845,0.0028801536673350205,-0.5096010705088115,-0.00033624290046640115,0.0009813789448866008,0.10234754309864538,0.0,0.0,0.0,0.0,0.0,0.0,0.0,-0.1167694154781664,0.5860040147190674
-0.028978386304319252,0.0030138310752543503,1.0338881587943782,-2.3234483896071073e-12,-3.1466140234223076e-13,1.7256242901280745e-13,1.0,-3.7553463709185076e-09,-0.005194913300701126,-0.6184016045241731,1.205999467609621,-0.5875978605611848,0.0034869129745812646,5.700324570683583e-10,-0.005194911803621321,-0.6184015826312796,1.205999402397974,-0.5875978183356436,0.003486911581896144,1.1613682739409137,-0.18569295240856945,-1.470366857699463,2.1622663469450147,2.2201239942939193,-1.7682757911925358,1.8730360826478076,-1.2770193233381517,-0.6391811443370058,0.0,0.0,0.0,0.0,0.0,0.0,0.0,-0.26586779681313294,-0.15739537881045845,0.0028801536673350205,-0.5096010705088115,-0.00033624290046640115,0.0009813789448866008,0.10234754309864538,0.0,0.0,0.0,0.0,0.0,0.0,0.0,-0.1059084008130256,1.1992850324951574
-0.0016600143516759525,0.01531947441833437,1.0737020616529493,-3.869524076859976e-06,1.1078485537099661e-06,-7.725513428108607e-06,0.9999999999620579,1.910046012427427e-05,-0.02471381919799867,-0.47543165944121774,0.994145235742881,-0.5187112847565727,0.02301264575836718,-6.155695680408684e-06,-0.024695514515357554,-0.47543339243096333,0.9941333759872483,-0.5186916108318217,0.022989436673152328,-0.8810033333052307,-0.202894525544075,-0.7575159333411855,0.2242495976240206,0.27375422702891916,-2.17808364002365,2.3300195083986193,-0.4233763959215452,-0.01608777955273744,0.0,0.0,0.0,0.0,0.0,0.0,0.0,-0.26586779681313294,-0.15739537881045845,0.0028801536673350205,-0.5096010705088115,-0.00033624290046640115,0.0009813789448866008,0.10234754309864538,0.0,0.0,0.0,0.0,0.0,0.0,0.0,0.7605272215561,0.4214700545994112
-0.006504685786493001,0.012965074928408173,1.074330249798732,6.0918217989909745e-15,-9.380882976429725e-15,-7.039435977941671e-15,1.0,-5.83826686500997e-12,-0.020889759284598616,-0.4813218323173571,0.9899336253105091,-0.5086117929937668,0.0191817592827968,-4.235387784062139e-12,-0.020889759287170906,-0.4813218323326289,0.9899336253390614,-0.5086117930070233,0.01918175928680395,-1.0256233848804277,-0.12316758950427033,-0.5365373115133729,0.22415351592995547,0.3653046453501655,-2.1764729352403083,-2.0377682624080555,0.1907734367622458,0.20160424247656797,0.0,0.0,0.0,0.0,0.0,0.0,0.0,-0.26586779681313294,-0.15739537881045845,0.0028801536673350205,-0.5096010705088115,-0.00033624290046640115,0.0009813789448866008,0.10234754309864538,0.0,0.0,0.0,0.0,0.0,0.0,0.0,0.7575408402163994,0.6365968219474829
-0.020638557318156253,0.015176900155946658,1.0753012805662923,-8.314330613539349e-09,-1.1053656455113333e-08,1.867240193942423e-08,0.9999999999999997,-3.003076799188044e-08,-0.024413924743271125,-0.49967295058959776,0.980376608365015,-0.48070365914895,0.022705901002491972,-2.5192152903779285e-08,-0.02441392713554578,-0.49967291874289704,0.9803765665941725,-0.48070365417693256,0.02270592608958981,-0.571439946420051,-0.005674002252820236,-0.45967651717370855,0.3031033072603228,0.32725874042571457,-2.17808364002365,-2.092116629732139,-0.06582076357943978,-0.032657930912321775,0.0,0.0,0.0,0.0,0.0,0.0,0.0,-0.26586779681313294,-0.15739537881045845,0.0028801536673350205,-0.5096010705088115,-0.00033624290046640115,0.0009813789448866008,0.10234754309864538,0.0,0.0,0.0,0.0,0.0,0.0,0.0,0.7605272215561,0.6336243130593768
-0.018101988372884664,0.002424936332953739,1.0735231398392329,2.3141676169390915e-06,5.6489935830961543e-08,1.2030490566524037e-06,0.999999999996597,2.308775003236024e-06,-0.00392091469979928,-0.5013995684246255,0.9929315751947234,-0.4915344805309891,0.0022116072062678908,4.353941805346493e-06,-0.003920373236595624,-0.5014051303745595,0.9929499905695441,-0.4915476861884097,0.0022071209027885105,0.8925645912490272,-0.202894525544075,-0.5159893471336643,0.20018225916218202,0.3927450511502923,-2.17808364002365,-1.7478089557768703,0.18883921499897263,0.27671510528016274,0.0,0.0,0.0,0.0,0.0,0.0,0.0,-0.26586779681313294,-0.15739537881045845,0.0028801536673350205,-0.5096010705088115,-0.00033624290046640115,0.0009813789448866008,0.10234754309864538,0.0,0.0,0.0,0.0,0.0,0.0,0.0,0.7605272215561,0.6926662016026479
-0.03734909894414327,-0.05424108968158097,1.104801237810867,1.5203405863298838e-11,-9.724670697764368e-12,-1.220014203886897e-11,1.0,1.2261615224718047e-09,0.08312467624266558,-0.42278061202311606,0.7596091213530007,-0.33682850896634714,-0.08483267634597678,8.058644488729612e-10,0.08312467804051038,-0.42278067000631114,0.759609253793893,-0.3368285837165134,-0.08483267826720603,1.1758520967311707,0.7015147016353085,-0.5913656554150831,0.34862749637941015,0.20090053252214696,-2.17808364002365,2.20216800232288,-0.7349666717220541,-0.3342366462707064,0.0,0.0,0.0,0.0,0.0,0.0,0.0,-0.26586779681313294,-0.15739537881045845,0.0028801536673350205,-0.5096010705088115,-0.00033624290046640115,0.0009813789448866008,0.10234754309864538,0.0,0.0,0.0,0.0,0.0,0.0,0.0,0.7605272215561,0.6442906231263508
-0.025845824227002635,0.0173698777285369,1.0503517819002017,-4.998342448364448e-07,2.062599915346946e-07,-2.225891547300429e-07,0.999999999999829,2.911996414285157e-06,-0.029104718803090495,-0.5731792062676303,1.1203111234192893,-0.5471308774864267,0.027398918636249596,-3.039274819800996e-06,-0.029105925292896705,-0.5731874588830008,1.1203254376578284,-0.5471342858127617,0.027400836781589145,-1.1277995297531085,-0.202894525544075,-0.8948967474271406,1.5763040897491953,-0.03219966043304829,-0.2304817733732661,0.6541801053464696,-0.11660403795462251,-0.5330266287792061,0.0,0.0,0.0,0.0,0.0,0.0,0.0,-0.26586779681313294,-0.15739537881045845,0.0028801536673350205,-0.5096010705088115,-0.00033624290046640115,0.0009813789448866008,0.10234754309864538,0.0,0.0,0.0,0.0,0.0,0.0,0.0,0.3445791702409935,0.7052120442301327
-0.022053523700662166,0.07178692728114276,1.0527938033007251,-2.1214404653935754e-09,5.056654434362033e-10,-7.597746044561406e-10,1.0,-5.9538140784973045e-09,-0.11927136921004293,-0.5510592961856638,1.0862720696889485,-0.5352127735926867,0.11756337050034148,1.8667594902116514e-09,-0.11927134848466277,-0.5510593301191431,1.0862721594954767,-0.5352128293229023,0.1175633497475872,-1.1836480737397486,0.2876615807186874,-1.3516213359504947,2.1680924216960324,-0.2063387721049098,-0.15957383731416697,2.379246994039948,1.301579289679,-0.6466444878640999,0.0,0.0,0.0,0.0,0.0,0.0,0.0,-0.26586779681313294,-0.15739537881045845,0.0028801536673350205,-0.5096010705088115,-0.00033624290046640115,0.0009813789448866008,0.10234754309864538,0.0,0.0,0.0,0.0,0.0,0.0,0.0,-0.1353280018847412,0.5109041908609601
-0.03162735787625249,0.04576998867768115,1.032182291131188,-2.539204422172006e-06,-1.4877155485293613e-07,3.383069853670327e-07,0.9999999999967079,-5.377545194839733e-06,-0.07894848370531794,-0.6223096439373874,1.2046101279749657,-0.58230056828282,0.07724054765044755,5.596246779290818e-07,-0.0789458278234681,-0.6223124985538366,1.2046229613211068,-0.5823075015131047,0.07724733828927953,-0.37506165450893697,-0.0038112594348547694,-1.4845034101766041,2.5110698786218273,-0.3167192200179534,-1.0948946804232842,1.9203033175529785,0.2516043116417028,-0.19875857029684058,0.0,0.0,0.0,0.0,0.0,0.0,0.0,-0.26586779681313294,-0.15739537881045845,0.0028801536673350205,-0.5096010705088115,-0.00033624290046640115,0.0009813789448866008,0.10234754309864538,0.0,0.0,0.0,0.0,0.0,0.0,0.0,-0.18456856839809999,-0.19614321673892718
-0.06654171821662415,-0.03134816445885989,1.053390045570379,-1.2101025128232751e-05,-2.4876464423939248e-06,-1.0512059667855846e-05,0.9999999998684367,-2.669046448297263e-06,0.0522641152388155,-0.6218131829290632,1.0797011738912243,-0.457877334342854,-0.053961052969710405,-2.209386373232867e-06,0.05226762655961319,-0.6217640103802622,1.0796074095809844,-0.457836798108462,-0.053963986372302895,0.5074013671455186,0.5113801068624176,-0.09410267410421373,2.720841846289321,0.03816242856732135,-1.7930034060464142,1.4303567538757875,-0.2856686688209253,0.2805371782537907,0.0,0.0,0.0,0.0,0.0,0.0,0.0,-0.26586779681313294,-0.15739537881045845,0.0028801536673350205,-0.5096010705088115,-0.00033624290046640115,0.0009813789448866008,0.10234754309864538,0.0,0.0,0.0,0.0,0.0,0.0,0.0,0.20304362757840475,0.8025911365628042
-0.024777792659322524,-0.014416600730803829,1.0385692687075512,-3.1444784654911447e-06,-5.745170774445699e-06,7.0763383574019015e-06,0.9999999999535153,1.0926189641071316e-05,0.0246423413528373,-0.6003936930545156,1.1827962591598946,-0.5823811213225586,-0.026361815975765215,-1.5410613401260778e-05,0.02466738173922255,-0.6003767809325473,1.1827931626161932,-0.5824058451605534,-0.02636952691793087,1.0689433541047009,0.14779050510626976,0.19031327651569738,2.799508120198249,0.37015640325808236,-2.110582716422118,0.6312809125748507,-0.01118972716959787,0.12278697901075371,0.0,0.0,0.0,0.0,0.0,0.0,0.0,-0.26586779681313294,-0.15739537881045845,0.0028801536673350205,-0.5096010705088115,-0.00033624290046640115,0.0009813789448866008,0.10234754309864538,0.0,0.0,0.0,0.0,0.0,0.0,0.0,0.35711247051909784,0.8668655229433095
-0.03760861560089915,-0.026428144238471445,1.0392391665462997,-3.5083265817294026e-06,2.8847795769474584e-06,-8.259084357969263e-06,0.9999999999555786,2.5381397537213807e-05,0.04512370630720379,-0.6174928365667015,1.172454396743372,-0.5549655312004114,-0.04682185667612298,-6.723710519716667e-06,0.045140357559225186,-0.6175099733039773,1.1724571084241637,-0.554950712134853,-0.04685162135621926,1.0998061084174076,0.24106330476411195,-0.239831058916648,2.768323867231951,0.5551555966105517,-2.143905531333734,-2.2391112627776577,-1.1421263635253693,-0.32162516801934304,0.0,0.0,0.0,0.0,0.0,0.0,0.0,-0.26586779681313294,-0.15739537881045845,0.0028801536673350205,-0.5096010705088115,-0.00033624290046640115,0.0009813789448866008,0.10234754309864538,0.0,0.0,0.0,0.0,0.0,0.0,0.0,-0.06709087837170277,0.4085401803142641
-0.05773173792170641,-0.048443802032964035,1.0638547266650267,1.953477802875477e-06,-1.3761895740239823e-07,-1.2614317238090883e-06,0.9999999999972868,5.294130172737634e-06,0.07922974411190731,-0.5785107903488564,1.020073781804426,-0.4415636366965161,-0.08093604309404208,3.506211447212923e-07,0.07923267609055268,-0.578513526795807,1.0200754433990045,-0.4415611970922129,-0.08094305194702378,0.4320639504522277,0.6075838515167422,-0.020402501873139276,1.9917235061827734,-0.08311616838431225,-0.9481788315803868,-0.7327330352269792,-0.04984764244580952,0.33327022814578755,0.0,0.0,0.0,0.0,0.0,0.0,0.0,-0.26586779681313294,-0.15739537881045845,0.0028801536673350205,-0.5096010705088115,-0.00033624290046640115,0.0009813789448866008,0.10234754309864538,0.0,0.0,0.0,0.0,0.0,0.0,0.0,0.1198017038348959,1.24354709205
-0.020007679450203503,-0.006934759667238566,1.0615465862355886,-3.672436612686879e-16,-1.0672633004915953e-15,-5.114542638983448e-16,1.0,-6.690216601045913e-08,0.011408323120654037,-0.5363364544987962,1.061767785411006,-0.525431339684265,-0.013116321814299305,-1.2627517324652317e-08,0.011407913249272884,-0.5363402349517319,1.0617760506178193,-0.5254358188752355,-0.013115912656941883,1.1936344145552558,-0.202894525544075,-1.122710246803328,0.694091528080129,1.9919293393608841,-2.1743083574917788,-2.3876104167265,0.31262202965267105,0.5922519692132407,0.0,0.0,0.0,0.0,0.0,0.0,0.0,-0.26586779681313294,-0.15739537881045845,0.0028801536673350205,-0.5096010705088115,-0.00033624290046640115,0.0009813789448866008,0.10234754309864538,0.0,0.0,0.0,0.0,0.0,0.0,0.0,0.5528905880890423,1.1972310785744458
-0.040939541332310925,-0.026471547244667496,1.040580751417777,-9.270546380314169e-15,-1.0679511256328706e-14,-4.378182897580586e-16,1.0,-6.187080316233431e-07,0.045082295900824944,-0.6191817243528484,1.1640415891135014,-0.5448595179864274,-0.04679036641727387,-7.597580918828942e-07,0.04508224041660387,-0.6191815890974055,1.1640416067716457,-0.5448596003466873,-0.04679030159053409,1.1689800481676476,0.0893033719916691,-1.454662044251896,2.0374724798301953,2.1870030115496766,-1.7834923557665374,-1.5649753693697972,1.2669882208684657,0.6227723595813894,0.0,0.0,0.0,0.0,0.0,0.0,0.0,-0.26586779681313294,-0.15739537881045845,0.0028801536673350205,-0.5096010705088115,-0.00033624290046640115,0.0009813789448866008,0.10234754309864538,0.0,0.0,0.0,0.0,0.0,0.0,0.0,-0.0741603769470501,1.192541479797098
-0.00821831078954379,-0.009025359538575521,1.0331174440935547,-1.747892287172083e-08,1.648304618983138e-08,-1.9645558367327905e-08,0.9999999999999994,-1.2280962613803576e-06,0.01557680430056699,-0.5867668076038985,1.2150178362427375,-0.6282492873686091,-0.017284909127427802,-1.8833923765886404e-07,0.015575516054931316,-0.5867748797192546,1.2150387428017326,-0.6282638420218911,-0.017283480593262058,0.6151289584911862,-0.20054270330488141,-0.6852012250825726,2.189893307269643,1.6722188232198487,-0.21625899793348094,1.7475786313867687,1.301579289679,0.2093347870031949,0.0,0.0,0.0,0.0,0.0,0.0,0.0,-0.26586779681313294,-0.15739537881045845,0.0028801536673350205,-0.5096010705088115,-0.00033624290046640115,0.0009813789448866008,0.10234754309864538,0.0,0.0,0.0,0.0,0.0,0.0,0.0,-0.18456856839809999,0.9341289252877512
-0.06983940159967475,0.0015376636498671105,1.0405486616787565,-3.603251828339716e-12,-5.1850001707434355e-12,2.551109747611912e-18,1.0,-1.607888868131399e-10,-0.002620503954123169,-0.6617675566292412,1.1502655868331118,-0.4884980302764653,0.0009125039421344569,-1.2303204417879582e-10,-0.0026205034821712384,-0.6617675424017794,1.150265554010162,-0.48849801164858075,0.0009125035069865674,0.08487283830066589,0.20190060663590298,-1.1712206316867457,2.264962777225652,2.2895103496798335,-0.11481655407665572,2.3698522991587128,-1.301579289679,-0.6323710339109353,0.0,0.0,0.0,0.0,0.0,0.0,0.0,-0.26586779681313294,-0.15739537881045845,0.0028801536673350205,-0.5096010705088115,-0.00033624290046640115,0.0009813789448866008,0.10234754309864538,0.0,0.0,0.0,0.0,0.0,0.0,0.0,-0.18456856839809999,0.7342358732050038
0.002768189240969933,0.002851892602790146,1.0341581504866624,2.7582448101464047e-08,1.536395191245265e-08,-2.1069177867941828e-08,0.9999999999999992,-1.4985044009427985e-06,-0.004901916895248527,-0.5661722926771092,1.2113892689898171,-0.6452155186450335,0.003194018640286204,-7.191452705953961e-07,-0.004902100428880961,-0.5661653628151768,1.2113749031422327,-0.6452095788048525,0.003194075559480046,-1.1723457476088646,-0.20019102551193738,-1.5101280624859013,2.398527850215813,2.260663543257122,-1.8533946696146268,2.3556508750680933,-1.2930796407804463,-0.6466444878640999,0.0,0.0,0.0,0.0,0.0,0.0,0.0,-0.26586779681313294,-0.15739537881045845,0.0028801536673350205,-0.5096010705088115,-0.00033624290046640115,0.0009813789448866008,0.10234754309864538,0.0,0.0,0.0,0.0,0.0,0.0,0.0,-0.16115870268212487,1.2378896389639804
-0.0023913160750076243,0.010941368384094527,1.0427920411056477,-1.3948291982432652e-09,8.13024937610115e-10,-8.659073955572517e-10,1.0,-1.3095201520022304e-06,-0.01857497906448394,-0.5547340970586166,1.1663403430838186,-0.6116061957040998,0.016866771990856216,5.649811984577581e-07,-0.018575318066333175,-0.5547323605869622,1.16633423826524,-0.6116019846741417,0.016867365451503993,-1.1928662817512006,-0.202894525544075,-1.3674668369614893,1.685232041888001,2.3045208839070686,-2.1776371882442276,2.3876104167265,1.301579289679,0.6466444878640999,0.0,0.0,0.0,0.0,0.0,0.0,0.0,-0.26586779681313294,-0.15739537881045845,0.0028801536673350205,-0.5096010705088115,-0.00033624290046640115,0.0009813789448866008,0.10234754309864538,0.0,0.0,0.0,0.0,0.0,0.0,0.0,-0.18456856839809999,0.9221425216113622
-0.029644401113716072,0.03792505004731964,1.0605696730729026,7.030474737811969e-10,-3.552802701139411e-11,-9.44370231387308e-19,1.0,-1.372914320538804e-07,-0.06241980857949228,-0.5502403077999315,1.057577443792722,-0.5073371527512183,0.060711785956338096,-9.339003847319273e-08,-0.062419781983113175,-0.5502400079540242,1.0575767734079007,-0.5073367789103339,0.06071176613664966,-1.1498148971403779,0.21604782493150856,-0.8353325640488614,1.1999900421430023,1.52641043462787,-2.1214025855331773,-0.9919505257474531,1.1690825715107072,0.5702566210123027,0.0,0.0,0.0,0.0,0.0,0.0,0.0,-0.26586779681313294,-0.15739537881045845,0.0028801536673350205,-0.5096010705088115,-0.00033624290046640115,0.0009813789448866008,0.10234754309864538,0.0,0.0,0.0,0.0,0.0,0.0,0.0,0.17007598484967043,1.24354709205
-0.04058863471730186,0.012921520853729936,1.0742660417543224,-1.913452888653994e-10,-2.4440322976917636e-12,-2.6301043768294778e-11,1.0,2.0483311462822087e-09,-0.020821799123775308,-0.5310636800038195,0.9788293933451179,-0.4477657105998648,0.01911380111142705,6.113918270227222e-10,-0.020821800757855856,-0.5310637374119285,0.978829528984421,-0.4477657915655135,0.019113801144395735,0.27135645194428,-0.1890904830408409,-1.5118914645353247,0.6310355793564654,2.117612702212449,-0.670090734221857,1.3982164305458478,-1.300910870644141,0.33539685652193135,0.0,0.0,0.0,0.0,0.0,0.0,0.0,-0.26586779681313294,-0.15739537881045845,0.0028801536673350205,-0.5096010705088115,-0.00033624290046640115,0.0009813789448866008,0.10234754309864538,0.0,0.0,0.0,0.0,0.0,0.0,0.0,0.7605272215561,0.4292661967865465
-0.01715277039901129,0.0344320653229309,1.045325341021021,1.5213454635355258e-06,-1.6259511906003287e-07,-3.8311020933905137e-07,0.9999999999987561,-1.449909305644928e-06,-0.05815102010038258,-0.5702615801063108,1.145602194713913,-0.5753433748086716,0.05644340997042734,6.488165607311674e-06,-0.05814936916490408,-0.5702602141048714,1.1456028555775997,-0.5753387011769311,0.05643708322942543,-0.6051370597210971,-0.202894525544075,-1.2935801249619465,1.5523867482235587,0.42780162174495545,-1.377853518181167,2.008292691429841,0.47685724488796777,-0.5394426455273584,0.0,0.0,0.0,0.0,0.0,0.0,0.0,-0.26586779681313294,-0.15739537881045845,0.0028801536673350205,-0.5096010705088115,-0.00033624290046640115,0.0009813789448866008,0.10234754309864538,0.0,0.0,0.0,0.0,0.0,0.0,0.0,0.13701183020149102,0.033548284555215836
-0.0042568423437285815,0.009230330465850634,1.04080899652533,2.59336502257923e-06,-1.6804278660963366e-06,-3.0450671036610156e-07,0.9999999999951789,-3.784971409030939e-06,-0.015738174423970668,-0.5624693148912471,1.1764584023678806,-0.6139901658730863,0.014026876821139789,2.564437477163495e-06,-0.01573559424936572,-0.5624732791759712,1.176473405063613,-0.6140018651523036,0.014025968376805252,-1.1532176018751823,-0.202894525544075,-1.3322253224466187,2.799508120198249,-2.3047072772564996,-2.0672163215520456,0.6780143593025896,0.038551570731962005,-0.6272946287180103,0.0,0.0,0.0,0.0,0.0,0.0,0.0,-0.26586779681313294,-0.15739537881045845,0.0028801536673350205,-0.5096010705088115,-0.00033624290046640115,0.0009813789448866008,0.10234754309864538,0.0,0.0,0.0,0.0,0.0,0.0,0.0,0.7605272215561,0.9950413187304272
-0.004981251954329826,0.033336925764203704,1.0705441961976412,-5.789981762132277e-08,2.9244974620352834e-07,1.7479613655409758e-07,0.9999999999999403,2.740654777698479e-06,-0.053993621907407696,-0.48723695438983844,1.0082368400867574,-0.5209998011140898,0.05228388079512337,1.5897027493948342e-06,-0.05399324553093776,-0.4872340781189833,1.0082398122950076,-0.5210056521688984,0.05228550369192132,-1.193805208368,-0.202894525544075,-1.3307317091421011,1.0506528831225572,-2.3047072772564996,-0.052447144022359504,-2.3876104167265,-1.301579289679,-0.21332383619316245,0.0,0.0,0.0,0.0,0.0,0.0,0.0,-0.26586779681313294,-0.15739537881045845,0.0028801536673350205,-0.5096010705088115,-0.00033624290046640115,0.0009813789448866008,0.10234754309864538,0.0,0.0,0.0,0.0,0.0,0.0,0.0,0.7605272215561,0.32325917739492593
0.000268577585374656,0.03567916729205011,1.0715069180011252,-9.542212823065101e-09,-5.973296869308313e-08,2.3842104614791412e-08,0.9999999999999979,-1.1523239046831196e-06,-0.05769488434018407,-0.4761552277990799,1.0025624168782328,-0.5264066770089421,0.05598564530131482,-6.825123968050353e-06,-0.057697069257502266,-0.4761702646911684,1.0025997268320923,-0.52642994654327,0.055988014739973786,-1.1833993932083924,-0.202894525544075,-1.510733704207835,1.0012274124036078,-2.3047072772564996,-0.052447144022359504,-2.3876104167265,1.301579289679,-0.6466444878640999,0.0,0.0,0.0,0.0,0.0,0.0,0.0,-0.26586779681313294,-0.15739537881045845,0.0028801536673350205,-0.5096010705088115,-0.00033624290046640115,0.0009813789448866008,0.10234754309864538,0.0,0.0,0.0,0.0,0.0,0.0,0.0,0.7605272215561,0.4056442070216318
-0.02874838023667572,-0.007292418843558139,1.0399967396507928,-1.893117503520277e-06,-6.171348996189504e-06,-1.152042888879873e-05,0.9999999999128051,1.4746149107644496e-05,0.012425134820665235,-0.6034834882117612,1.1748713686374646,-0.5713785765556668,-0.014123660633220542,-5.794549627746093e-06,0.01244058799754848,-0.6034929257389229,1.1748668408768028,-0.5713783473019257,-0.01411856679516807,0.6853669217856057,-0.0978129678430679,-0.982500865204843,2.7662665646283524,-1.66156190795346,-1.8534585904670549,-1.3942289318768601,0.33777269331670196,0.11218598204058883,0.0,0.0,0.0,0.0,0.0,0.0,0.0,-0.26586779681313294,-0.15739537881045845,0.0028801536673350205,-0.5096010705088115,-0.00033624290046640115,0.0009813789448866008,0.10234754309864538,0.0,0.0,0.0,0.0,0.0,0.0,0.0,0.5498870823738838,0.8993717997540175
-0.040627692089420624,-0.011504748607526871,1.0418000045909015,1.6192479958751118e-15,1.9869269139657733e-15,4.297479641649171e-15,1.0,-7.800433598555589e-15,0.019562668361402604,-0.6169013987552486,1.1603454279086267,-0.5434440291534457,-0.021270668361389283,5.900648231027051e-14,0.019562668361424743,-0.6169013987552658,1.1603454279086274,-0.5434440291534225,-0.021270668361393255,1.1833747855400976,-0.08144721319801629,-1.4107740996875795,2.7752553810815095,-1.7822466089092512,-2.17808364002365,-0.7810052997459054,1.3015668445112174,0.06056522568143414,0.0,0.0,0.0,0.0,0.0,0.0,0.0,-0.26586779681313294,-0.15739537881045845,0.0028801536673350205,-0.5096010705088115,-0.00033624290046640115,0.0009813789448866008,0.10234754309864538,0.0,0.0,0.0,0.0,0.0,0.0,0.0,0.7267695449688716,0.5460838300675155
-0.07582859504734278,-0.081835063110625,1.0787256748448362,3.684703210748935e-07,-2.021410649067103e-06,4.2203484865902423e-07,0.9999999999978,-7.414261433823514e-07,0.13020577018578805,-0.5465263904436082,0.8935008354330191,-0.34697360866057575,-0.13191336335806284,3.4714430284038096e-06,0.13020151505395477,-0.5465294062764672,0.8935106859743043,-0.34698074679061575,-0.13191180706497277,1.1682683243703913,0.709040008623075,-1.5118914645353247,2.7071324529480236,-1.1653886756930543,-0.8390947625615129,-0.5026623105736511,0.5915382725518797,-0.050130249802597754,0.0,0.0,0.0,0.0,0.0,0.0,0.0,-0.26586779681313294,-0.15739537881045845,0.0028801536673350205,-0.5096010705088115,-0.00033624290046640115,0.0009813789448866008,0.10234754309864538,0.0,0.0,0.0,0.0,0.0,0.0,0.0,-0.18456856839809999,0.05122677863286084
-0.032297751930708565,-0.01553862183947661,1.0290859533529901,1.5478322970465016e-14,-1.949048616328232e-14,-7.134126723022844e-15,1.0,-3.721158414137319e-09,0.027002550538839112,-0.6343036943716696,1.2277375210733437,-0.5934338261712602,-0.02871055064625853,-9.789307277945899e-10,0.027002553029163566,-0.6343036870971044,1.2277375035479139,-0.5934338163258545,-0.028710553037756537,1.193805208368,-0.08242934974649116,-1.2846498731968599,2.687152317441257,-1.8744585684989983,-0.9694182403616792,2.3876104167265,1.2986381656774395,0.6466444878640999,0.0,0.0,0.0,0.0,0.0,0.0,0.0,-0.26586779681313294,-0.15739537881045845,0.0028801536673350205,-0.5096010705088115,-0.00033624290046640115,0.0009813789448866008,0.10234754309864538,0.0,0.0,0.0,0.0,0.0,0.0,0.0,-0.18456856839809999,0.7651710099595795
