joint_names,leg_left_1_joint,leg_left_2_joint,leg_left_3_joint,leg_left_4_joint,leg_left_5_joint,leg_left_6_joint,leg_right_1_joint,leg_right_2_joint,leg_right_3_joint,leg_right_4_joint,leg_right_5_joint,leg_right_6_joint,torso_1_joint,torso_2_joint,arm_left_1_joint,arm_left_2_joint,arm_left_3_joint,arm_left_4_joint,arm_left_5_joint,arm_left_6_joint,arm_left_7_joint,gripper_left_joint,arm_right_1_joint,arm_right_2_joint,arm_right_3_joint,arm_right_4_joint,arm_right_5_joint,arm_right_6_joint,arm_right_7_joint,gripper_right_joint,head_1_joint,head_2_joint
joint_states,2.34337948135e-09,-0.0158790040502,-0.511323008732,0.977227010234,-0.465876999637,0.0141650022388,2.34338427783e-09,-0.0158790042584,-0.511326008541,0.977234005969,-0.465880003255,0.014165002447,-0.00108100353975,0.005773997727,-0.539618056672,0.218424005951,0.337551025691,-2.17659211371,0.0430330001168,0.0880180022349,-0.235717022378,0.0,-0.265862002567,-0.157409996417,0.00287799771512,-0.509613997757,-0.000335999719064,0.000980003888567,0.102345997393,-7.80004236524e-11,0.759843047355,0.589847036384,left_gripper,0.0114391786536,0.00683073228253,0.327293787407,-0.309255859717,0.54216330972,0.713877939266,0.317487081081
joint_states,-1.59996355357e-05,-0.0143679993056,-0.511641001317,0.986204999729,-0.474561999122,0.0126809999492,-1.69990056636e-05,-0.0143770003005,-0.511661999587,0.986215000749,-0.474532000612,0.0126560011909,0.0735949996009,-0.0533809993817,-0.575882000708,0.285193000819,0.251195998045,-2.17808299947,2.38577102581,-0.674979009483,-0.115349999496,0.0,-0.265867999265,-0.157394999252,0.00288000075852,-0.509600999066,-0.000336000721968,0.000981001193415,0.102347998864,-7.20941552926e-12,0.760527001052,0.632681000495,left_gripper,0.0149490050571,0.007093959268,0.321683163225,0.535562814027,0.393415722236,0.594930814061,-0.452165753026
joint_states,-1.59996488471e-05,-0.0143679993167,-0.511641001249,0.986204999763,-0.474561999195,0.0126809999269,-1.69990432485e-05,-0.0143770002732,-0.511661999589,0.986215000752,-0.474532000632,0.0126560011208,0.0735950002235,-0.0533809999055,-0.575882000975,0.285193001338,0.25119500016,-2.1780829995,2.38577802471,-0.674982007112,-0.115349998533,0.0,-0.265867999294,-0.157394999288,0.00288000072813,-0.509600999106,-0.00033600069404,0.00098100114702,0.102347998907,-6.90541532856e-12,0.760527001013,0.632681000823,left_gripper,0.0149490050571,0.007093959268,0.321683163225,0.535562814027,0.393415722236,0.594930814061,-0.452165753026
joint_states,1.80002662416e-05,-0.0246970003519,-0.475509000037,0.994160999427,-0.518645999973,0.023029000274,-6.99999423129e-06,-0.024678999802,-0.475495000196,0.994114999917,-0.51860800022,0.0230059998255,-0.879253008485,-0.202623001344,-0.732224001881,0.224359999581,0.27371300025,-2.17808299969,2.33012499963,-0.423838997583,-0.0162699988518,0.0,-0.265870000263,-0.157390999962,0.00288099990774,-0.509598999601,-0.000336000318671,0.000981999603824,0.10234799991,-4.36869130008e-12,0.760527000424,0.421856998442,left_gripper,0.0124850317152,0.00730900226026,0.29094694709,-0.383990188044,-0.486301062933,-0.588916537909,0.518883535153
joint_states,4.30271734391e-10,-0.0410980001606,-0.473816001064,0.967364998344,-0.493544000842,0.0393899985038,4.30215859542e-10,-0.0410980001791,-0.473816001759,0.967365000084,-0.493544001886,0.0393899985223,-1.19362000262,0.0671620041811,-0.530614999166,0.213610000746,0.329782000256,-2.17730100005,-1.62344503956,0.202912006126,0.197806000256,-1.18737363434e-14,-0.265867999211,-0.157395997703,0.00288000060274,-0.509600999881,-0.000336001130017,0.000981001732836,0.102347997947,-3.74776966943e-12,0.760527001159,0.608012000296,left_gripper,0.0140188374454,0.00855420467126,0.336249605943,-0.632523861925,0.18724906366,0.238592721955,0.712688477025
joint_states,4.42700895594e-11,-0.0209719993229,-0.481297999247,0.989879000556,-0.508564000233,0.0192609984187,4.42733719768e-11,-0.020971999364,-0.481299000319,0.989882999555,-0.508566000243,0.0192609984598,-1.02627899365,-0.122416007366,-0.511610998943,0.22410799999,0.365165001137,-2.1764709998,-2.03615901642,0.190821000414,0.201589999117,0.0,-0.265868000598,-0.157391999978,0.00288099944805,-0.509598000131,-0.000336000647331,0.000981999157604,0.102347999973,-2.2642159387e-11,0.757553998932,0.636486000298,left_gripper,0.011873447386,0.0073346856334,0.336708923582,-0.622401470972,0.0367693941716,0.0861262532642,0.77707572931
joint_states,-9.98722072734e-07,-0.0244049989969,-0.499623000225,0.980427997313,-0.480804999657,0.0227130015755,-9.98700633944e-07,-0.024404998516,-0.499614999674,0.980410001272,-0.480795999754,0.0227130011952,-0.572871968692,-0.00604299376787,-0.434916993044,0.302853004449,0.327378996142,-2.1780760023,-2.09194500446,-0.0650120156628,-0.0319190164859,0.0,-0.265868999326,-0.157392000586,0.00288099874008,-0.509599001158,-0.000336001284356,0.000981998066931,0.102347999174,-1.83524925462e-11,0.760518001018,0.633633998387,left_gripper,0.0104355732004,0.00651209316563,0.361345283229,-0.689367453323,-0.117666644283,0.101972771108,0.707480479642
joint_states,2.99985262376e-06,-0.00394599804012,-0.501398000087,0.992921998805,-0.491522998522,0.00222099800374,5.00002010622e-06,-0.00394499980798,-0.501411000518,0.992956000202,-0.491544000798,0.00221599997745,0.890787031685,-0.202655003975,-0.490921003053,0.200303997622,0.392664002236,-2.17808200188,-1.7482269921,0.188530005555,0.276339008126,0.0,-0.265869000761,-0.157396998749,0.0028799996282,-0.509599001855,-0.000336000962645,0.000981001208007,0.102347999171,-1.30450194815e-11,0.760527001675,0.692594999484,left_gripper,0.0141800384231,0.00685692204255,0.35513541371,-0.645161348146,0.201608835058,0.151235678184,0.721282525873
joint_states,-7.3325424411e-11,0.00243000060808,-0.502854999966,0.992857000173,-0.489997000236,-0.00413799987705,1.39056286678e-11,0.00243000053967,-0.502854000386,0.99285599997,-0.489996999628,-0.00413799980644,1.08477800659,-0.170515998876,-0.482679999764,0.211926000296,0.39800000041,-2.17808399963,-1.9008280054,0.1768679994,0.366604003005,0.0,-0.265867999851,-0.157395000089,0.00288000020009,-0.509601000012,-0.00033600023979,0.00098100038514,0.102347999562,-1.02697618141e-13,0.760527000217,0.721917000617,left_gripper,0.0142331144138,0.0077959660946,0.355966098682,-0.651539171014,0.184493241869,0.0734932835615,0.73215960665
joint_states,3.23301406768e-10,0.0539069998713,-0.49985900015,0.889453999433,-0.389596999613,-0.0556229999507,2.99979922919e-06,0.0539089998298,-0.499862999839,0.889460999272,-0.389599999969,-0.055628999777,0.666519998989,0.499469001721,-0.30196599919,0.78617100181,0.250037999399,-2.15828100008,0.36721800596,-0.39129800138,0.0896549991355,-3.94395571382e-12,-0.265861999962,-0.157390999803,0.00288100000703,-0.509599000059,-0.000336000229295,0.000981999780563,0.102347999864,-1.28011214621e-11,0.760528000361,0.705234000176,left_gripper,0.00682821538995,0.00386310750786,0.351074538517,-0.515994016951,0.287713429302,0.795586104237,0.134215900009
joint_states,7.02440038036e-11,0.0831020026394,-0.42285500035,0.759738996304,-0.336876000019,-0.0848109988312,6.75358683621e-11,0.0831020027079,-0.422855996749,0.759739993754,-0.336876001072,-0.0848109989006,1.1753900168,0.701345004293,-0.566129004231,0.34902298775,0.200943999921,-2.17806300038,2.20050705282,-0.734655012315,-0.333853010547,0.0,-0.265864996974,-0.157392999838,0.00288099749499,-0.509601997004,-0.000336001640141,0.000981996935993,0.102347002995,-3.52001013264e-11,0.760527997779,0.644345996981,left_gripper,0.0154949415224,0.00710577630239,0.322537622823,0.538090334602,0.415618940541,0.615178529885,-0.39909280179
joint_states,3.99964352687e-06,0.010795998321,-0.51668099974,0.990525000855,-0.473810000988,-0.0125079988306,3.99963403958e-06,0.01079599834,-0.516683999843,0.990529001044,-0.473811001092,-0.0125079988557,1.17282499938,-0.118445013039,-0.723793002457,0.241746999405,0.260925000593,-2.17802400122,2.1519129989,-0.651313999266,-0.250446997922,0.0,-0.265846000139,-0.157364000426,0.00288599958344,-0.509583999877,-0.000336999581038,0.000983000704875,0.10234999998,-1.76774241455e-10,0.760534999823,0.498461997426,left_gripper,0.0128973460588,0.00671739133367,0.294303127591,0.469001680541,0.456393045479,0.629998080681,-0.418144986849
joint_states,-6.07296074542e-10,-0.0580980008008,-0.570209001011,1.14548300139,-0.575221000484,0.0564080007692,7.00067179266e-06,-0.0580960008774,-0.570200000743,1.14546800144,-0.575208001208,0.0564019999246,-0.603941007544,-0.202869999754,-1.26821200179,1.55152000557,0.427697000484,-1.37839799637,2.00838899916,0.47609500558,-0.539248001297,-1.08485454616e-11,-0.265869000068,-0.157399000426,0.00287900063163,-0.509604000107,-0.000336000230447,0.000981000162074,0.102347000144,0.0,0.137430997842,0.0338619975345,left_gripper,0.00910986059247,0.00401768750043,0.508017550682,-0.327087601547,0.870796105388,0.366825459405,-0.0129199879146
joint_states,2.99912477843e-06,-0.0291310000923,-0.573179998806,1.12034099839,-0.547161998649,0.027428999662,-3.00075207918e-06,-0.0291320005377,-0.573186000467,1.12035199843,-0.547163000422,0.0274309993802,-1.12733600677,-0.202893999289,-0.870247996498,1.57627999953,-0.0317930055438,-0.231496987829,0.655378984827,-0.116079005672,-0.533032000431,0.0,-0.26586800106,-0.157394001097,0.00288000078876,-0.509600000684,-0.000336000656685,0.000981001095024,0.10234799915,-2.81595590431e-12,0.344395003374,0.704618005994,left_gripper,0.00753538093176,0.00239791400552,0.728938247602,0.823457102313,-0.348004768494,-0.421258683902,-0.152814276144
joint_states,-9.97410934171e-07,-0.0622029988986,-0.584302000718,1.22123500089,-0.636921004195,0.06050699881,-9.97410901411e-07,-0.0622020029333,-0.584297001146,1.22122500035,-0.636916003231,0.0605060028447,-1.09259399972,-0.0948089973827,-1.40903401409,2.30267102156,0.244230006453,-0.0819269937728,-0.0567740167408,-1.29568202988,-0.604293999611,-2.88167650888e-11,-0.265870997955,-0.157391002407,0.00288099899014,-0.509596999786,-0.00033600169553,0.000981998029702,0.102348000812,-4.77225262931e-11,-0.142789013764,0.22569998581,left_gripper,0.00715824622526,-0.00439440546083,0.561872574955,0.848282510856,-0.0966630619874,-0.410984521377,0.319632222112
joint_states,-3.18484464179e-10,-0.119252000119,-0.551085000188,1.08637899939,-0.535280999657,0.117543999959,-3.10338497238e-10,-0.119252000102,-0.551084999811,1.08637899973,-0.535281999332,0.117543999943,-1.18359899977,0.28748600062,-1.32666499934,2.16814799959,-0.20610000127,-0.159532999884,2.37795400622,1.30020000684,-0.646621999666,0.0,-0.265866000075,-0.157390999741,0.00288099998022,-0.5095990002,-0.000336000315815,0.000981999647181,0.102347999807,-8.28279870089e-12,-0.135332000149,0.510753000273,left_gripper,0.017541336125,0.00214464357481,0.621386633448,-0.478749078086,0.738675651172,-0.136283720901,0.454515511303
joint_states,-4.00044075239e-06,-0.0790049999498,-0.622255000647,1.20455500053,-0.582265999777,0.077281000021,1.00047497688e-06,-0.0790029996702,-0.62226400042,1.20458200012,-0.582280000529,0.0772880001778,-0.375841996501,-0.00348900177851,-1.45937600043,2.51071500187,-0.316618000334,-1.09399900408,1.92074699768,0.252616995222,-0.199188998303,0.0,-0.265865999658,-0.157389999954,0.00288100011179,-0.509597999677,-0.000336000325854,0.000981999736088,0.102348000035,-1.73189269556e-11,-0.184521000317,-0.19546100343,left_gripper,0.00873485746701,0.00248232194741,0.482396992081,0.765124096606,-0.545711019581,-0.341710975786,-0.00426719216665
joint_states,-1.99716256511e-06,0.0521590006913,-0.621806998544,1.07981699731,-0.457935999738,-0.0538680048488,-1.00053080952e-06,0.0521620050623,-0.621764002342,1.079734995,-0.457900000196,-0.0538710056214,0.506704023263,0.510961014131,-0.0701959659695,2.72067700296,0.037883007763,-1.7924550138,1.4307429877,-0.285245015698,0.280159014299,0.0,-0.265871002707,-0.157396001713,0.00287999969946,-0.509599000062,-0.000336001653124,0.0009810020691,0.10234799911,0.0,0.202738007875,0.801804024086,left_gripper,0.00754318484578,-0.00289601959443,0.418813335573,0.910683739569,-0.0125166999388,-0.372159258009,0.178874104849
joint_states,1.49998225497e-05,0.0246909997604,-0.600458999148,1.18272800046,-0.582267000733,-0.0264419992248,-1.19996575852e-05,0.0247159999643,-0.600454999485,1.1827520001,-0.582305000745,-0.0264499991727,1.06816200548,0.148341995528,0.214909002732,2.79939800074,0.369693003545,-2.11016100293,0.632383991614,-0.0115709968459,0.123003998027,-2.4391013837e-11,-0.265857999806,-0.157389999954,0.00288100013722,-0.509598999776,-0.000336000256878,0.000981999832937,0.102347999886,-2.47288873767e-11,0.356902001778,0.866777000418,left_gripper,0.00628505812693,-0.00113054441171,0.301128496331,0.804395689355,0.297600251364,-0.476607269656,-0.192943452457
joint_states,2.59996552051e-05,0.0451110003354,-0.617481999788,1.17245899996,-0.554980999688,-0.0468130003799,-6.99957509335e-06,0.045128000079,-0.617500999622,1.17246500005,-0.554967999607,-0.046843000221,1.09978700048,0.241007000128,-0.214575001128,2.76834299955,0.555046000155,-2.14388599989,-2.23740400695,-1.14145400243,-0.321361000893,0.0,-0.265868000051,-0.157395999725,0.00288000008331,-0.509600999968,-0.00033600020856,0.000981000312042,0.102347999621,-1.33345314442e-12,-0.0668390006959,0.408812998707,left_gripper,0.0068366936585,0.0055917464739,0.220894105019,-0.208246364293,-0.751437045576,-0.312992747255,0.542228142446
joint_states,-2.99997345176e-06,0.0288650000714,-0.588583999935,1.15532399981,-0.566730999972,-0.0305700001494,-9.99753834615e-07,0.0288660001521,-0.58857800009,1.15531000023,-0.566724000122,-0.030567999935,0.264522998086,0.158616999974,0.202016000974,2.16225499822,0.0808939986057,-1.70637799868,-0.636199995798,0.898227004912,-0.213419999377,-2.6298617164e-13,-0.265867999624,-0.157394000185,0.00288000029587,-0.509600999908,-0.000336000207117,0.000981000362939,0.102347999648,-7.38413310221e-13,0.2989500005,1.12928800177,left_gripper,0.00600759743101,0.00245927826994,0.447538493545,-0.428792164315,-0.296124780618,0.554855600515,0.648523443449
joint_states,5.00125352966e-06,0.0791809997514,-0.57855199795,1.02031899118,-0.441735994868,-0.0808830029429,1.56695581528e-09,0.0791839989205,-0.578553000814,1.0203159952,-0.441730994004,-0.0808900025375,0.431854003801,0.607072015227,0.0048239921047,1.99191099545,-0.0829230060787,-0.949132974091,-0.732612003684,-0.0486630334114,0.332586017859,-2.49522597796e-11,-0.265856001542,-0.157385998623,0.00288199978426,-0.50960100113,-0.000336001744129,0.000981999860558,0.102347002696,-1.1893630179e-10,0.120026996026,1.2434050034,left_gripper,0.00957701058217,0.00392806731276,0.741700159996,0.863665866543,0.393856180233,-0.0470571793526,-0.311037300226
joint_states,1.90001450313e-05,0.0491599996531,-0.579735000155,1.12236600016,-0.542605000715,-0.0508600000975,3.00014268391e-06,0.0491689997801,-0.579727999653,1.12232900037,-0.542578000116,-0.0508699999072,0.2430619991,0.187901998032,0.0327310000925,1.93042099965,-0.174857000331,-0.994721000483,-2.06325100635,-0.145036000508,0.590266001185,0.0,-0.265858000004,-0.157385999922,0.00288199994077,-0.50960099969,-0.000336000236464,0.000981999971837,0.102347999695,-1.8104090483e-11,0.280416000743,1.243547,left_gripper,0.00877432476896,0.00460749733409,0.710188458329,-0.408720084899,-0.717478177548,-0.19323684884,0.529936295411
joint_states,-4.99939341669e-06,0.128609000042,-0.54707200148,0.976779001123,-0.429704001031,-0.130339000232,-9.99950379312e-06,0.128603000147,-0.547099000435,0.976823000915,-0.429722000999,-0.130332000169,1.19351800179,0.533513998539,-1.00453500419,2.31470300593,-0.507380000059,-0.695074002479,-2.09484500455,-0.562663997944,0.339167998808,-5.83961591313e-12,-0.265874999747,-0.157400000029,0.00287900035861,-0.509599000523,-0.000336000321783,0.000981000143772,0.102347999742,0.0,-0.170443006291,0.416386994908,left_gripper,0.0090454739913,0.00601222338253,0.62381054718,0.140872289055,0.866050953881,0.317027874772,-0.360005652839
joint_states,-9.99760420979e-07,0.130200000865,-0.546519999469,0.893563998571,-0.347035998914,-0.13191300087,3.00064932285e-06,0.130196000739,-0.546525999602,0.893578999912,-0.347045998782,-0.131912000164,1.1682909989,0.708876002433,-1.48648400311,2.70680600388,-1.16483200505,-0.838972000827,-0.504007988234,0.59056300898,-0.0498010035663,0.0,-0.265870000811,-0.157396999226,0.00287999983027,-0.509600000784,-0.000336000466596,0.00098100058328,0.102347999324,0.0,-0.184557999478,0.0515349965226,left_gripper,0.00712586604848,-0.00164001903934,0.535469058985,0.519743377998,0.749008146978,-0.265916356228,-0.313276408749
joint_states,3.00043094673e-06,0.0270889993669,-0.63431299963,1.22768300048,-0.593356000436,-0.0288089997885,3.0004337464e-06,0.0270889994709,-0.634318999521,1.22769300067,-0.593360000728,-0.0288089998924,1.1937830004,-0.0818900029972,-1.25978399939,2.68710900048,-1.87405800164,-0.969369000358,2.38599000757,1.29824000235,0.646255001487,0.0,-0.265861999818,-0.157385000243,0.00288199994723,-0.509593000345,-0.000336000447312,0.000982000075794,0.10234899965,-3.99000473608e-11,-0.184568999582,0.764770002291,left_gripper,0.0183072678671,0.00294079043574,0.58953841058,0.71140419999,-0.45153919014,0.332044282562,-0.423984691259
joint_states,9.98189488638e-07,0.0503530017624,-0.654830999071,1.20571300075,-0.55088199988,-0.0520660020361,9.98210477365e-07,0.0503539983766,-0.654830001595,1.20570999782,-0.550878998623,-0.0520669986682,1.19380400037,0.022556999471,-1.45092500245,2.41754099713,-2.30160700401,-0.180064990186,2.34349999802,-1.29702103042,-0.619645017061,-3.43055492223e-12,-0.265868001346,-0.157394999759,0.00288000091018,-0.509599998477,-0.000336001126618,0.000981001761255,0.102347998969,-1.22187464241e-11,-0.168749001225,0.288269995627,left_gripper,0.00986685257978,-0.00550246679216,0.572747028071,0.859335906895,-0.124432093324,-0.364736497994,0.33619301049
joint_states,7.29720944917e-10,0.011016998683,-0.622673999431,1.22485399923,-0.602185001179,-0.012724998512,7.45420800438e-10,0.0110169987067,-0.622673998471,1.22485299978,-0.602185000119,-0.0127249985301,1.19380499884,-0.149679001601,-1.27665500004,2.74351400264,-2.26391700024,-1.41206400909,-0.687169020498,-1.30140100008,0.592520007243,0.0,-0.265868999225,-0.157394999706,0.00288000055847,-0.509598999469,-0.000336000724211,0.000981001110451,0.10234799969,-1.99281944988e-11,-0.184560000968,0.822162004311,left_gripper,0.00982984299563,0.00507795415146,0.595926760398,-0.0262864145047,0.855846465932,0.516544644565,-0.00418106868939
joint_states,1.50000457343e-05,0.0124230001692,-0.603496999925,1.17490799957,-0.571401000243,-0.0141299996283,-5.0003495832e-06,0.0124389997897,-0.603509999687,1.17490999973,-0.571404999716,-0.0141240003115,0.685800998414,-0.0978609995343,-0.957773998765,2.76624899992,-1.66207599852,-1.85308200107,-1.39362600233,0.336372005187,0.112596998472,0.0,-0.265868000198,-0.157396000299,0.00287999997503,-0.509601000116,-0.000336000171682,0.000981000234343,0.102347999657,0.0,0.549260001863,0.899306000299,left_gripper,0.00847829335384,-0.00284765959855,0.519771349937,0.208019685014,0.906165073387,-0.288673777842,-0.228604725249
joint_states,-6.58226789034e-10,0.0195530001915,-0.616880000788,1.16035899924,-0.543475000098,-0.0212550000033,-6.58237259593e-10,0.0195530001373,-0.616877999775,1.16035300022,-0.543472000525,-0.0212549999491,1.18271200484,-0.0814710000316,-1.38520300413,2.77524599979,-1.78208600127,-2.17765000272,-0.781821994202,1.30028300929,0.0606339996561,0.0,-0.265867000274,-0.15739500037,0.00288000030052,-0.509602000115,-0.000336000357503,0.00098100058907,0.102347000618,0.0,0.726534001211,0.546554995741,left_gripper,0.00591975333716,-0.00405564395512,0.30707969701,-0.337880407897,-0.577083718805,0.666965410866,0.328585380315
joint_states,-3.90998723749e-10,-0.0168769993827,-0.624040999906,1.23306900088,-0.609015000497,0.0151720011983,-3.90996777165e-10,-0.0168769993259,-0.624039001046,1.23306600057,-0.609013001614,0.0151720011415,0.39586899063,-0.174590000302,-1.39615200088,2.79948799998,-2.30423900454,-1.13788698847,-1.85007801314,1.30151699958,-0.646009008785,-1.36805419833e-12,-0.265867999813,-0.157394999644,0.0028800006386,-0.509601000884,-0.000336000620262,0.000981001028729,0.102347998725,-3.06843852546e-12,-0.115357009322,0.892389003152,left_gripper,0.018989319673,-0.00152401039383,0.53140902277,-0.406204909704,0.703277481749,-0.428407776969,0.396062030028
joint_states,-2.00002070699e-06,0.00624300042768,-0.577976999492,1.21749099974,-0.639503999807,-0.007983999918,-4.00005158461e-06,0.00624599981605,-0.577994000088,1.21752499947,-0.639520999714,-0.00798500028835,1.11670600293,-0.151447999847,-0.607061997066,2.51093499874,-2.09579199896,-0.471582997577,-2.28767700146,1.30157900036,0.645373004898,0.0,-0.265870999872,-0.157397999692,0.00287999978828,-0.50959900003,-0.000336000194679,0.00098100020329,0.102347999887,-1.35176125366e-12,-0.184501999986,1.19179800083,left_gripper,0.014986029204,-0.00482891670266,0.681520793378,-0.269342078949,0.845423388858,-0.431073616709,0.163980715503
joint_states,3.99949288325e-06,0.0110969998448,-0.565293000439,1.15332499966,-0.588038999601,-0.0128099998025,-9.99701813135e-07,0.0110990003692,-0.565286000534,1.15332799945,-0.588045000268,-0.0128170002751,1.00081600013,-0.202878999889,-0.777523999993,2.48969300002,-1.76397899929,-1.78829200295,2.13634600839,-1.08483400474,-0.629452002459,0.0,-0.265867000006,-0.157396000477,0.00287999997996,-0.509602999516,-0.000336000236104,0.000981000341129,0.102347000355,0.0,0.760192001973,0.987749999202,left_gripper,0.00435513117521,0.0010782673741,0.522773156406,-0.492466943974,0.551714977649,0.467268701326,-0.484506814495
joint_states,5.00034961954e-06,0.058571000135,-0.568825999498,0.899399997561,-0.330555998254,-0.0603080003082,5.99995465835e-06,0.0585719996606,-0.56886299912,0.89946599792,-0.330584997882,-0.0603160003471,0.513059998071,0.708298004091,-1.17943500213,2.79913300166,-2.27244800235,-1.82388399972,2.38736200148,-1.30136300103,0.643422007005,-3.51644824715e-11,-0.265843000556,-0.157378999868,0.0028830002722,-0.509598999554,-0.000336000451618,0.000982000521708,0.102347999812,-5.76421661991e-11,0.760531000182,1.14482500063,left_gripper,0.00846225549646,-0.00618767542898,0.426916169955,0.671944805883,-0.226799681478,-0.186715653023,0.679845090623
joint_states,1.50000736016e-05,-0.00466999898775,-0.551963000077,1.05556499942,-0.503573999554,0.00298100024825,2.00023778956e-06,-0.00466300006961,-0.551978999391,1.05559099744,-0.503595998705,0.00295700046379,-0.827739997898,-0.202893999377,-0.664685994628,1.50834398985,-1.17566899037,-0.631146987386,-0.963272014054,-0.0626440006845,0.645886011594,-2.75041540174e-12,-0.265871999236,-0.157393001018,0.00288000128734,-0.509597000561,-0.000336000875121,0.00098199861604,0.102348000351,-1.22138074067e-11,0.760527001219,0.872291999533,left_gripper,0.0112612155021,0.00478412095142,0.761070952134,0.674219242201,0.640050980167,0.105594802039,-0.353005515558
joint_states,-1.49998218338e-05,-0.0353330006654,-0.543613000424,1.00312499933,-0.459507000185,0.0336200007167,7.99973833484e-06,-0.0353280003665,-0.543632000103,1.00315900006,-0.459511000323,0.0336360002198,-1.01340500113,0.152662002809,-0.346564997542,1.38012499852,-0.22395099374,-0.967777001988,-1.59571400412,1.29061500873,0.334636997626,0.0,-0.265868000506,-0.157397999597,0.00287999964646,-0.509602000303,-0.000336000286164,0.000981000322647,0.102347000512,0.0,0.76052699952,0.8791890006,left_gripper,0.00685881164559,0.00481313254846,0.610200775228,-0.445343181999,-0.240665746288,0.340204953923,0.792470843714
joint_states,-1.99972551693e-06,-0.0624130010336,-0.55026200001,1.0576039988,-0.50733200136,0.0607149999021,-1.99960750508e-06,-0.062413000512,-0.550256999523,1.05759399954,-0.507327999887,0.0607149993987,-1.14970200213,0.216040001121,-0.809964005207,1.20010699763,1.52500801795,-2.12047801318,-0.992433992609,1.16918199847,0.570068002793,0.0,-0.26586300067,-0.157384000913,0.00288200036821,-0.509597001047,-0.00033600100617,0.000982000117877,0.102348000193,-6.0437904083e-11,0.170548994044,1.24325600375,left_gripper,0.0192733628897,0.000597530864869,0.39100553095,-0.034845018796,0.727009523301,0.0638916775231,0.682759717058
joint_states,-1.99792525571e-06,-0.0186030007499,-0.554743999541,1.16633400175,-0.611577000083,0.016901996663,1.39693586653e-09,-0.0186039969935,-0.554739002452,1.16632200293,-0.611569999198,0.0169019996803,-1.19284299826,-0.202659006731,-1.34217800596,1.68495700818,2.30410800855,-2.17761000182,2.38579404993,1.30150899988,0.646603003583,0.0,-0.26587000148,-0.157390001576,0.0028810000585,-0.509596000937,-0.000336001881121,0.000981998348337,0.102348001466,-6.55863856377e-11,-0.18437800723,0.922314996811,left_gripper,0.00892736064716,0.00593344905531,0.324301373466,-0.243548155333,-0.493789893015,-0.463267024843,0.694434663077
joint_states,-1.99959517424e-06,-0.00491099968934,-0.566165000398,1.21136500034,-0.645195000054,0.00320199985241,-9.99774083071e-07,-0.00491099983917,-0.566158999918,1.21135199986,-0.645189000452,0.00320199989958,-1.17235899961,-0.200192000166,-1.48503800069,2.39807900181,2.26069100029,-1.85359899903,2.35567099991,-1.29145000649,-0.645832003355,0.0,-0.265868000023,-0.157395000175,0.00288000014447,-0.509600999747,-0.000336000202477,0.000981000317171,0.102347999676,0.0,-0.161173000309,1.23769100105,left_gripper,0.0133741523206,-0.00447094551879,0.374652621216,0.88770228019,-0.378778994695,0.182301135831,0.187822870804
joint_states,-5.99787293492e-06,-0.00262699708093,-0.661750003723,1.15047599178,-0.488682993687,0.000984999360103,-5.99787270326e-06,-0.00262699675081,-0.661720003373,1.15041699798,-0.488654993832,0.00098499903022,0.0838520343834,0.20163001153,-1.14648898984,2.26502900099,2.28949700259,-0.116240957702,2.36984099794,-1.30157499749,-0.632383001328,-1.70001980242e-10,-0.265865999292,-0.15737300318,0.00288400012023,-0.509591999246,-0.000336996938724,0.000982997833827,0.102348999321,-1.91580556271e-10,-0.184549999969,0.734648985798,left_gripper,0.0181426090736,-0.00380159916266,0.636588917914,0.842965616556,0.376599554294,0.252948578127,0.289134504745
joint_states,-1.10506587958e-11,0.0899320011189,-0.619272999001,1.10786799797,-0.488533999938,-0.0916500013139,-8.14408543293e-10,0.0899320014357,-0.619277998641,1.10787399984,-0.488536000623,-0.0916490020268,1.06266201765,0.291518002706,-1.29186600352,2.26602700003,2.3007569992,-0.0794869998763,2.37884000092,-1.29844200095,-0.643293000521,-7.21935510369e-12,-0.265868999951,-0.1573929992,0.00288099912889,-0.509599000392,-0.000336000661068,0.000981998938396,0.102347999603,-8.75854130864e-12,-0.156955999095,0.604534998432,left_gripper,0.0167978636474,-0.00269196485478,0.620628930117,0.847809472177,0.37195066326,0.22057407235,0.306950943302
joint_states,1.99756676743e-06,0.119382005493,-0.567907992715,0.98689297901,-0.418967989227,-0.121094006005,1.99756645135e-06,0.119382006272,-0.567910991331,0.986896977339,-0.418968988941,-0.121094006783,1.12088701186,0.504731030109,-1.32814200377,2.20600298913,2.28656199488,-0.108861005379,2.36847599789,-1.30124000131,-0.628529996997,-5.13679199056e-11,-0.265858000633,-0.157387002191,0.00288199797629,-0.509600997588,-0.000336001818868,0.000981999329743,0.102347997578,-1.05485561408e-10,-0.117000994278,0.586109997652,left_gripper,0.0176834237591,-0.00218224239633,0.617174113115,0.84507247215,0.377046350331,0.232019400241,0.299759177388
joint_states,3.99995826119e-06,-0.00504200467873,-0.618460997252,1.20605199875,-0.58757799869,0.00332800240443,3.99998613492e-06,-0.00504200472988,-0.618464000816,1.20605699961,-0.58757900243,0.00332800245625,1.16132100405,-0.184909027057,-1.44527000096,2.1622259993,2.22021299942,-1.76673004561,1.87350098364,-1.27704799611,-0.639171999736,-4.58951877026e-10,-0.26586399818,-0.157379001827,0.00288299944898,-0.509583000111,-0.00033699766967,0.000982996935237,0.102350001124,-4.87536351034e-10,-0.105918999753,1.19870901926,left_gripper,0.0174743185906,-0.00548918447977,0.371889976947,0.845512730956,-0.170441286503,0.425704022807,0.273558174092
joint_states,-8.2244737856e-10,0.0450620009123,-0.619188000065,1.16407499986,-0.544887000615,-0.0467720007616,-9.98878237289e-07,0.0450620008417,-0.619188999377,1.16407699905,-0.544888000325,-0.0467720006699,1.16897600071,0.0891930012418,-1.42966900064,2.03752100045,2.18701899931,-1.78348800011,-1.56352401493,1.26591401213,0.622239006281,-3.46192098809e-13,-0.265867999931,-0.157394999069,0.00288000064077,-0.509599999331,-0.000336000610157,0.000981000994418,0.10234799942,-4.4813949678e-12,-0.0741739995108,1.19254400072,left_gripper,0.0185912746205,-0.00525254417196,0.349487203508,0.0779759417744,0.76104868837,-0.310169385544,0.56437540583
joint_states,9.98434224973e-07,0.0114420007186,-0.536422998006,1.06189099257,-0.525467997274,-0.0131599992437,9.98693429968e-07,0.0114419989097,-0.536431994488,1.06190799503,-0.52547699844,-0.0131599974382,1.19361000233,-0.202615011282,-1.09801898638,0.695328941701,1.99211398965,-2.17394701436,-2.386846033,0.313508961522,0.59228099922,0.0,-0.26587,-0.157394998897,0.00288000104475,-0.509597002389,-0.000336001439119,0.000981002131252,0.10234800035,-3.52803905492e-11,0.552308027282,1.19722699876,left_gripper,0.020303240052,0.00372719124068,0.396697995726,-0.56165866506,0.269334033868,-0.469752656681,0.625564675877
joint_states,9.98763848276e-07,-0.020807003877,-0.53106499851,0.978870001794,-0.447788996241,0.0190880038387,9.98753020128e-07,-0.0208079968214,-0.531070002411,0.978881997442,-0.447794995548,0.0190880043119,0.271738985881,-0.189097002015,-1.48673000553,0.631057995465,2.11756100011,-0.6707159776,1.39664005744,-1.30023902439,0.335503995377,0.0,-0.265869998428,-0.157396996521,0.0028799994016,-0.509599997921,-0.000336001922992,0.000981002431963,0.102347998087,-1.68191821446e-11,0.760441001809,0.429585988053,left_gripper,0.0140282715372,0.00664468249847,0.598868467726,0.0906905621034,0.658198324324,0.747187242002,-0.0161682773217
joint_states,1.59620833286e-10,0.0377619989395,-0.559694998578,1.1856410012,-0.62594100088,-0.0394739991087,2.44909606132e-10,0.0377619992041,-0.559695999855,1.18564400079,-0.625942999208,-0.039473999555,1.06445900437,0.0710630024635,-0.204082997612,2.13743400014,1.76898099956,-0.0525199989481,-1.24364602297,-1.30039401814,-0.646254007932,0.0,-0.265868000497,-0.157394999755,0.00288000077452,-0.509600000013,-0.000336000910645,0.000981001442196,0.102347998961,-7.9923638764e-12,-0.184568998702,1.24340600288,left_gripper,0.00699398488106,-0.000659739992066,0.715915834402,0.826420757878,-0.204923385099,-0.41739969865,0.317510045125
joint_states,-1.57661734602e-09,0.010558002542,-0.480102996307,0.995555997433,-0.515498001,-0.0122759969822,-9.96770773996e-07,0.0105590010621,-0.480117998795,0.995588001933,-0.515515002932,-0.0122760005203,1.19370400093,-0.202791001261,0.290692010511,0.158297969756,-0.00218302645693,-0.509232004227,-0.000219985172362,-0.0015129816544,0.102245009525,0.0,0.506371008686,-0.268540002704,-0.390397004581,-2.17740902306,-1.34028702092,0.282825000495,0.0183709995902,-1.78693570469e-10,0.755855014514,-0.651576025978,right_gripper,0.013729513284,0.00694949279642,0.334788812767,-0.036678936104,0.576755295626,0.790284672059,0.20361267574
joint_states,6.57298719648e-11,0.000698999856404,-0.498686999899,1.00773900001,-0.509046000206,-0.00241099992403,-9.99889186481e-07,0.000698999916316,-0.498669000149,1.00770200002,-0.50902600021,-0.00241099998063,1.13422099955,-0.202895000143,0.290903000248,0.157455999683,-0.00290900013784,-0.509404999756,0.000294999967391,-0.000982999945522,0.102550999642,-1.54929783531e-14,0.461188999611,-0.365028000294,-1.09651900317,-2.17808399979,-2.38643000413,-0.586229003605,0.645936002457,0.0,0.760522000283,-0.983241001049,right_gripper,0.0162025980744,0.00643459214969,0.429463413395,-0.245176470878,0.545079695709,0.509121026399,0.619332224199
joint_states,2.99913400154e-06,0.0075109981591,-0.507892998864,0.990070997745,-0.482179000146,-0.0092309974887,-2.99858035161e-06,0.00751100053764,-0.507918000657,0.990110996852,-0.482191999716,-0.00923299758251,-0.162442031845,-0.0786559989833,0.290903001596,0.157452000186,-0.00290999910043,-0.509403002065,0.000294999961064,-0.000983000643906,0.102550998692,-1.70609738036e-11,0.467638000192,-0.32675199747,-0.247348980834,-2.17808199841,-2.24512099525,0.356284023728,-0.0656310142844,0.0,0.76052700204,-0.672482994637,right_gripper,0.0124118244638,0.00755454373434,0.336343031732,-0.390133618425,0.506445216623,0.616563999932,0.459519135969
joint_states,-3.01020636162e-10,0.0158720001775,-0.511619001945,0.977111999244,-0.465490998093,-0.0175790005752,-3.01024487699e-10,0.0158720001617,-0.511619000143,0.977110999536,-0.465490000187,-0.0175790005594,0.000834003426043,0.00601700017469,0.290902999889,0.157455998248,-0.00290900077352,-0.509404999801,0.000294999826408,-0.000982999699221,0.102550001995,0.0,0.565286002859,-0.2185529997,-0.337782001922,-2.17808399939,-0.0449119628503,-0.0877230067222,-0.235867002037,-2.38900750497e-12,0.760527000644,-0.590437998142,right_gripper,0.0123321532104,0.00720626181661,0.327512097612,0.302394062246,0.547753302143,0.714935660358,-0.312075556009
joint_states,-2.24794408418e-09,-0.00189800151963,-0.505235002397,0.994833000688,-0.489593997589,0.000197002255295,-2.24794417187e-09,-0.00189800149625,-0.505231999618,0.99482599933,-0.48958999901,0.000197002231918,-0.621555015022,-0.111029005338,0.290903002551,0.157456000703,-0.00290900054065,-0.509404997457,0.000294999751502,-0.000982999365101,0.102550997171,-3.97150107811e-12,0.426328995529,-0.347173003357,-0.266091996828,-2.17723599829,2.16541805551,-0.0258379959247,0.390297013125,0.0,0.757814000877,-0.728735002459,right_gripper,0.0115708180998,0.00700365071391,0.348354476952,-0.644866578168,-0.0365230333868,0.0166873837603,0.76323960564
joint_states,-4.99683785615e-06,-0.00489200018666,-0.501886003254,0.997225998742,-0.495339996616,0.00318800340293,-1.47366918428e-09,-0.00489299681969,-0.501882996315,0.997215002141,-0.495333002609,0.00318799852491,-1.16447904871,-0.159255007528,0.290903001753,0.157455003829,-0.00290900154835,-0.509404003893,0.000294999721772,-0.000982999487592,0.102550996627,-6.05937687582e-12,0.462821005574,-0.299739995371,-0.388518008561,-2.17808100223,1.9352789791,-0.366981030455,0.0908879694749,0.0,0.760520996606,-0.717572999101,right_gripper,0.0125907604687,0.00673085340035,0.334423221346,-0.541974163151,-0.0515928556737,-0.129008078423,0.828829958086
joint_states,2.99961181567e-06,-0.00175000078594,-0.509197000497,0.996897999671,-0.48770299928,4.29991564387e-05,1.00084781057e-06,-0.00175299953438,-0.509264000247,0.997056000342,-0.487789999633,4.80002821665e-05,-1.19376500066,-0.197980000125,0.290902999711,0.157455000586,-0.00290900040209,-0.50940499999,0.000294999926498,-0.000982999893071,0.102550000838,-7.44004406786e-15,0.640118002062,-0.212858998462,-0.419880001044,-2.17808399964,0.151589985697,-0.031536996948,-0.471595003788,-3.93466012714e-13,0.760527000295,-0.584164999123,right_gripper,0.0125032874881,0.00615387187416,0.30371617821,0.273490987512,0.432207076495,0.747121378717,-0.424510739843
joint_states,-5.99904228841e-06,-0.0569760016108,-0.509635999026,0.993140000556,-0.483493000811,0.055289999121,-2.20010519297e-05,-0.0569720019304,-0.509615001329,0.993063999805,-0.483468998704,0.0552660019024,-1.04548699748,0.254099004267,0.290902001193,0.157454998694,-0.00290900108604,-0.509403001381,0.000294999955918,-0.000983000016224,0.102550999225,-1.76806967143e-11,0.470217998616,-0.715793007555,-1.15057100955,-2.17808200119,-1.17997501816,0.70081000827,0.536754011595,0.0,0.518772995793,-1.02559000485,right_gripper,0.0166577988375,0.00543142064101,0.401139874091,0.296049159823,0.41167799977,0.861669903847,0.0200273882144
joint_states,3.99971118902e-06,-0.0298190001279,-0.547527001125,0.962261998462,-0.414727999807,0.0281300000895,-6.99945050198e-06,-0.0298189996536,-0.547530001501,0.962282000404,-0.414738999176,0.0281260001737,-0.153480990244,0.488281002078,0.290902000034,0.157456000348,-0.00290900019913,-0.509404000973,0.000294999920084,-0.000982999797048,0.102550999045,-8.15191271304e-12,0.269804996774,-0.879741001179,-1.22030100053,-2.15993599912,-0.0278139864857,1.01286400465,-0.385097010092,-4.18691131069e-12,0.594482000769,-1.24332100227,right_gripper,0.0158092759316,0.00465860855694,0.404253238768,0.421346395596,0.195497932459,0.813146469666,-0.350771424424
joint_states,1.99974276273e-05,0.00850999851897,-0.560639001493,0.968024001869,-0.407353999473,-0.0101800052727,-1.19999327735e-05,0.00850399888069,-0.560670002051,0.968035001643,-0.407336000245,-0.0101660037399,-0.103153983624,0.126519001381,0.290903998313,0.157456000231,-0.00290900059327,-0.509403997707,0.000294999838219,-0.000982999435288,0.102550998032,-1.63426309482e-11,1.07319201003,-0.960529005638,-0.866293985168,-1.10344700522,-1.33667003933,-0.0605800286472,0.579457021111,0.0,0.510667997364,-0.36196898469,right_gripper,0.0196716750147,0.00072655186635,0.607303622273,0.413756679508,0.801392433081,0.32656588684,0.28271947212
joint_states,1.00043051693e-06,0.0214320004836,-0.53110799993,0.918896999814,-0.387783000227,-0.0231379999299,-9.99585261569e-07,0.0214360002302,-0.531104999459,0.918889999699,-0.387783999526,-0.0231449998872,0.0652110009592,0.193005999978,0.290903000148,0.15745500027,-0.00290900024238,-0.509404999834,0.000294999959716,-0.000982999941255,0.102550999513,-1.48464179282e-13,0.987847999731,-0.77605399859,-0.656342999054,-1.05642299985,-1.61329000154,1.27019600783,0.0986209968192,0.0,0.638850000502,-0.398863000082,right_gripper,0.0217380103792,0.00491014244887,0.555646381819,0.111885948925,0.48796544018,0.821572899563,0.272743898789
joint_states,1.50015673944e-05,-0.00541500163486,-0.555456998006,1.07572900282,-0.520288999966,0.00370900169338,-1.0999032879e-05,-0.00542600212532,-0.555506997707,1.07579800314,-0.520306003147,0.00369100030736,1.02845901855,-0.127610009259,0.290903998198,0.157441001835,-0.00291199863639,-0.509396999257,0.000295000601137,-0.000983998971585,0.102551999078,-1.32545125064e-10,0.283485987446,-1.13973400598,-0.757460002032,-1.4626490091,-0.558359977753,0.865537990099,-0.645956013821,0.0,0.420048996502,-1.03281401393,right_gripper,0.0178726931319,0.00432198330612,0.541327321824,0.299481478869,0.362128612695,0.880948172745,-0.0557138099524
joint_states,-1.33372530083e-10,-0.0162599998314,-0.560894999814,1.06489299987,-0.503991999548,0.0145589997786,1.30384095996e-11,-0.0162600000969,-0.5609010003,1.06489799996,-0.50398899951,0.0145559999463,1.1936150011,-0.202805000656,0.290904000178,0.157452999933,-0.00290999972176,-0.509402000045,0.000295000007913,-0.000983000074735,0.102550999966,-5.65740443615e-12,0.341890000619,-1.23134400048,-1.22704300241,-0.68761299688,-1.31112300363,0.308141997252,0.273257004155,0.0,0.677151001407,-1.243304001,right_gripper,0.0117540932569,0.00525611797627,0.797729323699,0.0263546932405,0.893576219652,0.435014811411,0.107652606423
joint_states,6.99966443159e-06,0.0184920002357,-0.542129999502,0.827340999382,-0.285217999088,-0.0202350001747,7.99991364746e-06,0.0184939998288,-0.542153999903,0.827385998529,-0.285236999413,-0.0202319995933,0.232826998153,0.708634001342,0.290884000026,0.157429999893,-0.00291399998247,-0.509402999923,0.00029500008282,-0.000984000380519,0.10255099992,-2.87686014922e-11,0.733344000877,-1.4524640005,-1.17725599965,-1.15512200086,1.47795300658,0.278299999569,-0.0356690004576,-1.13507719687e-11,-0.0118440019702,-0.811800999318,right_gripper,0.0169940863715,0.00409935296607,0.656286957261,0.918021297957,-0.15870745158,0.11802460213,-0.343684498635
joint_states,-1.00064816755e-06,-0.0249339992947,-0.475916001785,0.735557995816,-0.259617000687,0.0232370019271,5.00184845532e-06,-0.0249320000152,-0.475920001921,0.735578997563,-0.259629000698,0.0232380015008,-0.547903025134,0.557529995776,0.290917002407,0.157466997381,-0.00290700041489,-0.509402001941,0.000294999680341,-0.000982001527477,0.102550999155,0.0,1.51106702272,-0.59440597497,-1.45639800998,-1.30400100511,1.40425499639,-0.298656019125,0.435916012313,0.0,0.544237018146,-0.313074984494,right_gripper,0.00941255085599,0.00467531481609,0.572422827474,-0.827721741617,-0.253464165362,0.00674770760645,0.500586759488
joint_states,-1.39997641035e-05,-0.045055000197,-0.547496000324,1.08728000065,-0.539777001077,0.043404999687,-5.99991239663e-06,-0.0450549997839,-0.547467999947,1.08722300109,-0.539749000437,0.0434049994447,-1.18499000277,0.0670889976479,0.290892000018,0.157444000374,-0.00291100018088,-0.509395999679,0.000295000136669,-0.000983999778385,0.102552000057,-5.04569355034e-11,0.806080997248,-1.15766700266,-1.55888700052,-2.08597600284,1.29195099985,-1.0861910028,0.325338999853,0.0,0.190507998295,-1.24268400328,right_gripper,0.00564398305269,0.000915025622175,0.366363008856,-0.108116446945,-0.522089956103,0.00128082270411,0.846009025442
joint_states,-1.99974867208e-06,0.00152000053219,-0.622023001052,1.17463400027,-0.552576000162,-0.0032120004818,2.68336098821e-10,0.00151800087441,-0.622021999914,1.17463300082,-0.552579000405,-0.00321300040483,-0.764165997552,-0.0664570005169,0.290904999928,0.157453999574,-0.00290900061927,-0.509401999404,0.00029500001926,-0.000983000073819,0.102551000051,-9.67220477228e-12,1.51063100499,-1.94059900604,-2.23544200483,-2.03961400017,1.52677100201,-1.28685700158,-0.468389006066,0.0,0.0530349994941,-1.24180100059,right_gripper,0.00762969081654,-0.00153182499277,0.235998828952,-0.0366512473009,-0.366359759691,0.42725781963,0.825765080465
joint_states,-1.00610811032e-09,-0.00351699917431,-0.60582099931,1.16982800002,-0.564010001195,0.00181500023694,-9.97033986529e-10,-0.00351699932387,-0.60581899939,1.16982400006,-0.564008001164,0.00181500039413,-1.19359500356,-0.202746001386,0.290903999869,0.157455999592,-0.00290900033719,-0.509403999359,0.000294999928444,-0.000982999781767,0.102550999129,-1.29345395381e-11,1.47240500092,-1.66955499894,-2.28375600135,-2.16812299969,-1.6312650192,-1.30157200088,0.628673006171,0.0,-0.184453001929,-0.834700997423,right_gripper,0.0152622305027,0.00580132232629,0.388389858189,-0.314147035168,0.757847745136,0.350264817687,0.451987823927
joint_states,-6.26449763075e-10,-0.0172890003672,-0.555739000384,1.09280599947,-0.537065000503,0.0155810007648,4.00036472651e-06,-0.017291000951,-0.555756000508,1.09283899917,-0.537080000604,0.0155799996455,-1.19380500006,-0.202891000061,0.290904000152,0.157454999696,-0.00290900055847,-0.50940300014,0.000294999977792,-0.00098299996722,0.102550999617,-5.05444013638e-12,1.29096499995,-1.08867999617,-2.21774699916,-2.00687799974,-2.38716700475,1.30005201343,-0.645896006482,-1.08322457448e-12,0.752272004546,-1.24330700219,right_gripper,0.00918938667235,-0.00462266193558,0.448715125748,0.855722376487,0.286841699926,-0.340372855836,0.263832091627
joint_states,-8.99950049572e-06,0.0164910000386,-0.626915999617,1.08966399918,-0.462715000131,-0.0181610003137,-2.00002343643e-06,0.0164889998137,-0.626901000416,1.08963200029,-0.462702999132,-0.0181569998228,-0.237109995546,0.0217500008891,0.290906000579,0.157456000075,-0.00290900003704,-0.509399000438,0.000295000049328,-0.000982999945529,0.102551000468,-1.30196583143e-11,1.51172600125,-1.55932100272,-1.70483699769,-0.30088099187,-2.15863499865,0.756600996984,-0.243425997613,0.0,0.168692997171,-0.381227996562,right_gripper,0.0070831706435,0.00422001756458,0.656975547587,-0.491849392185,0.76509878278,0.413888712323,-0.037472147083
joint_states,-9.99596047265e-07,-0.0096410005954,-0.633374000477,0.991783999123,-0.35840200019,0.00793899993572,-1.99929379721e-06,-0.00964300001797,-0.633366000514,0.991762999185,-0.358389999498,0.00794100023312,-0.215178999985,0.52731100165,0.290900999863,0.157453000719,-0.00290999939332,-0.509404000522,0.000294999965739,-0.000983000085429,0.102550999425,-6.68593064285e-12,1.31886799904,-2.27222000366,-1.94870900115,-0.0645679982475,-0.702047993532,-1.30014301012,-0.589670001378,0.0,-0.18432200176,-0.600210000741,right_gripper,0.00808457499404,-0.00269632324445,0.622283328244,0.287238260863,0.873741455659,-0.226133328078,-0.320832928628
joint_states,-2.99948451904e-06,-0.0773890003702,-0.635914999258,1.16318400074,-0.527263000634,0.0757010004792,-2.99948463443e-06,-0.077388999616,-0.635905000584,1.16316700025,-0.527255000489,0.075700999725,-1.19331000367,0.169169997768,0.290900999657,0.15745300083,-0.00290999927843,-0.509403000582,0.000294999987963,-0.000983000128389,0.102550999607,-1.18967670716e-11,1.3622449998,-2.32680400049,-1.6645949992,-0.0656539996078,1.7427860099,1.29776501119,-0.607660999278,-2.92520406844e-12,-0.169934000031,-0.355504999503,right_gripper,0.0151314326131,-0.00627756427734,0.584845987523,0.896190751754,0.0257186545973,0.323414165341,0.302628427174
joint_states,-9.99637320917e-07,-0.00414499717034,-0.657048999309,1.23830800219,-0.581241000264,0.00244099808964,-9.99637088909e-07,-0.00414499713105,-0.657046999383,1.2383050005,-0.581239001406,0.00244099804983,-1.10085799615,-0.202097012142,0.290905998928,0.157450001385,-0.00291000010441,-0.509396999968,0.000295000284177,-0.000983000835233,0.102551999342,-6.82554265702e-11,1.48896100471,-2.30870299963,-2.25839201566,-0.059783999158,2.28217001475,1.29731400094,-0.617098000869,-6.88400989478e-11,-0.15129199843,-0.248079995959,right_gripper,0.0169779798106,-0.00458273781068,0.568083734004,0.882710247107,0.0721114297483,0.343143115581,0.312850385299
joint_states,3.60221770431e-10,0.0381019999049,-0.574433999724,1.19380199978,-0.619359000536,-0.0398210007275,1.43598806272e-10,0.0381020002196,-0.574439999072,1.1938139989,-0.619365000589,-0.039822000572,1.12586600636,-0.0685389989557,0.290904000475,0.157452000081,-0.00290999968184,-0.509402000282,0.000295000017133,-0.000983000220308,0.102550999897,-5.1782079414e-12,1.4721670003,-2.11292499957,-2.19604100051,-1.77947100578,0.282393993668,-1.26626100826,-0.609196000102,-3.6146341485e-13,-0.095837999433,-1.2101300027,right_gripper,0.00705032642794,-0.00435919466452,0.345861864905,0.227937366555,-0.742483858318,0.220786840868,0.589928341382
joint_states,9.97397960849e-07,0.0194050005773,-0.562168995913,1.19292599698,-0.630758000593,-0.0211139956591,3.18769865694e-09,0.0194050001961,-0.562168999236,1.19292600219,-0.630758002619,-0.0211139952534,1.18556700335,-0.18489301243,0.290903001608,0.157454000429,-0.0029090030695,-0.509403999687,0.000294999847756,-0.000983000108483,0.102550997666,-2.15572331083e-11,1.47947099866,-2.01186798724,-2.19053099882,-1.84353400436,0.800534059337,-1.260927997,-0.646516006365,-5.08122840723e-12,-0.0840859981002,-1.19001599772,right_gripper,0.00613632343651,-0.00365635940586,0.296926245282,0.079410690562,-0.566172009998,0.263570309946,0.776964535249
joint_states,1.22614679907e-10,0.0528779998679,-0.476320999912,0.979624999287,-0.503280999922,-0.054600999855,2.1477207846e-10,0.0528760003291,-0.476333999501,0.979650999494,-0.503294999849,-0.0545999996304,1.03035199999,-0.181754999927,0.290907999687,0.157451999903,-0.00290999985288,-0.509399000336,0.000295000035201,-0.000983000112746,0.102551000251,-3.29544886864e-12,1.50259700011,-0.614402997675,-2.15419799985,-0.771870998365,-1.65887200347,1.2995990041,0.364718001703,-6.65217912036e-13,0.760153001039,-0.507685999002,right_gripper,0.00924023182184,0.00646788972279,0.592274337202,-0.210757713972,0.621062925705,0.75346218039,-0.0464410490633
joint_states,1.99991249971e-06,0.116189999719,-0.412759999953,0.784994999474,-0.372233999875,-0.11790999996,-4.99982932269e-06,0.116186999746,-0.412760000132,0.785005999439,-0.372234000006,-0.117910999739,0.837773999904,0.5950450018,0.29089900014,0.157447999721,-0.00291099972857,-0.50940300002,0.000295000014127,-0.000983000305926,0.102550999862,-6.42470429694e-12,1.51188200031,-0.614402000391,-0.465857996455,-2.1753490025,0.239297004087,-0.0915350031137,-0.00328800063953,0.0,0.760527999826,0.468329002039,right_gripper,0.0191025414498,0.00435935164247,0.198705448261,0.663764901053,0.10015413017,0.662301451842,-0.332779346157
joint_states,9.99960561097e-06,0.114709000209,-0.37615000035,0.741236999699,-0.365087000074,-0.116422000062,8.00050684784e-06,0.114730999783,-0.376183000538,0.741341000527,-0.365138000553,-0.116469000647,1.03163200067,0.669943001353,0.290905000451,0.1574569996,-0.0029089999172,-0.509404000604,0.000294999930151,-0.00098299974499,0.102550999275,0.0,1.34121499965,-0.501283999112,-0.293355997961,-2.17710999988,2.3368950142,0.240234001677,0.622261005002,0.0,0.76052699971,0.161523997312,right_gripper,0.0154511933948,0.00660474208867,0.205146218655,-0.52515254944,0.234262657014,0.0706118142873,0.815076547956
joint_states,8.99994309256e-06,0.0119219998168,-0.483798000529,0.800074000455,-0.316197999722,-0.0136239997765,-3.99997121749e-06,0.0119259999018,-0.483815000238,0.80005299997,-0.316164999617,-0.0136479993764,-0.077778004977,0.61647899955,0.290904999868,0.157454000054,-0.00290900033145,-0.509402999782,0.000294999996194,-0.00098300001581,0.102550999883,-2.83131094028e-12,0.655634997341,-0.233651998912,-0.29285300028,-2.17808099996,2.2762189999,-0.100291001772,0.53159699985,0.0,0.760527000332,-0.562763002919,right_gripper,0.0117967960068,0.0066978066892,0.303072967726,-0.599772090712,-0.0596211991719,0.0423582203201,0.796821518901
joint_states,4.00063532877e-06,-0.00360700043831,-0.531637000245,1.06228699975,-0.53064800065,0.00191599958497,2.3000251955e-05,-0.00360199936414,-0.531643999038,1.06232600111,-0.530670000913,0.00189000065679,-0.30578300058,-0.202542004446,0.290902999756,0.157450999228,-0.00291000009807,-0.509399999681,0.000295000129354,-0.000983000608197,0.102551000756,-3.30007184513e-11,0.496576999481,-1.35335000557,0.258129002674,-2.17781000096,-1.92313202049,0.209730001988,-0.644267006491,0.0,0.760528000318,-0.551706998943,right_gripper,0.0165805935634,0.00573540231803,0.323324239374,0.119282805758,0.58431176681,0.719645957942,0.355613647988
joint_states,-5.00048230592e-06,-0.0835430004494,-0.552314000238,0.987713999402,-0.435353999154,0.0818260011056,9.9956996968e-07,-0.0835439999372,-0.552305999818,0.987695999667,-0.43534399948,0.0818390000666,-1.02803300419,0.223546002082,0.290902999889,0.157450000562,-0.00291000014208,-0.509402999933,0.000295000006746,-0.000983000283698,0.102550999764,-4.90751731477e-12,1.11635900371,-1.63473900129,0.481355001668,-0.549785991818,-0.963433994453,0.0321619997267,-0.359249998919,-2.25477225989e-14,0.388782998039,-0.398141999162,right_gripper,0.0158226864644,0.00416573655417,0.695363027374,0.878088268226,0.252164032299,0.402147821684,-0.06042700997
joint_states,2.83981671853e-09,0.00734800070097,-0.647914004153,1.23417500175,-0.586221004293,-0.00904700034782,-1.00108537428e-06,0.00734600336489,-0.647912998674,1.23417300135,-0.586221002048,-0.00904500279925,-0.657033994766,-0.183901008291,0.29090599819,0.157449997407,-0.00291000124238,-0.509396999053,0.00029500065732,-0.000983002142397,0.102551998681,-1.56814619401e-10,1.39299500586,-2.32739901781,1.05972500997,-0.066464987481,-2.38657703,-1.29078503289,0.645916022144,0.0,-0.182714011728,-0.5178059995,right_gripper,0.00553056128993,0.00113753834605,0.589433034628,0.475062320349,0.788120883053,-0.290556893711,-0.262217385001
joint_states,-3.58547389196e-10,-0.0446600003619,-0.631793998939,1.21170199914,-0.57987700048,0.0429639998339,-3.65006128891e-10,-0.0446590002177,-0.631804000659,1.21172599915,-0.579890000528,0.0429629996898,-1.19312400628,0.0234250022242,0.290904999462,0.157453999773,-0.0029090008186,-0.509402999965,0.000294999985372,-0.000983000048863,0.102550999661,-3.26736431606e-12,1.27682099873,-2.72707700479,1.91228000947,-1.04636901049,-2.38761099921,-1.29729000051,0.646644999361,0.0,-0.184567000031,-0.798559003821,right_gripper,0.00666497273117,0.00262385401763,0.584539555671,0.715406779425,0.436975012748,-0.341914380228,-0.424665203165
joint_states,1.00006694179e-05,-0.0239820014974,-0.640534000796,1.17039799677,-0.52984599906,0.0222759960294,-7.99733523536e-06,-0.0239839971148,-0.640555997672,1.17044600117,-0.529901999183,0.0223050015051,-0.177378963959,0.163482002228,0.290902999955,0.157455999274,-0.00290900073523,-0.509404000144,0.000294999832988,-0.000982999558923,0.102550997949,-1.63371595673e-11,0.867496987612,-2.53407099585,2.19399800914,-1.12095000399,-1.73549597858,-1.20416699608,-0.0698090274236,0.0,-0.184568997746,-1.0434150112,right_gripper,0.012741339002,0.00823624636903,0.660650924534,0.861296516346,-0.203435112416,0.0419403825822,-0.463706232734
joint_states,-1.99977398822e-06,-0.0223179998585,-0.613122000168,1.17620099959,-0.56308899987,0.0206180003433,-1.00027316125e-06,-0.0223189997954,-0.613127000284,1.17621199961,-0.563094999836,0.0206190002367,-1.01502900336,-0.0454210003697,0.290903000127,0.157457000124,-0.00290899989835,-0.509405000435,0.000294999936199,-0.000982999811507,0.102550000497,0.0,1.27784500154,-2.79934600042,2.23546400053,-1.97529300326,-2.38720500229,1.30002300886,-0.64628700195,0.0,0.465550001879,-0.839265999192,right_gripper,0.0210529613958,-0.000160857155935,0.444262228047,0.489868802248,0.628529862407,0.374930018912,0.473715367669
joint_states,-2.33213971984e-10,0.00451100088546,-0.572591999274,1.17482899981,-0.602238999627,-0.00621500024282,3.99923192031e-06,0.00451100097973,-0.572598999669,1.17485200025,-0.602254000368,-0.00621500020968,-1.17624700105,-0.201620000951,0.290904000898,0.157455000225,-0.00290900044991,-0.509402000587,0.000294999997908,-0.000982999954715,0.102550999842,-8.35470356855e-12,0.869958998595,-2.79950400014,2.25019199978,-2.06081799948,2.36758401719,1.30157899957,0.631584004857,0.0,0.760415000449,-1.24339200101,right_gripper,0.0178845071351,0.00379568550745,0.493577050238,0.12835359845,0.797051229811,0.369546218853,0.460076388172
joint_states,-9.99520519928e-07,0.0270850002197,-0.580242999885,1.17958699953,-0.599304000114,-0.0287860001127,-3.00016211921e-06,0.0270850003243,-0.580240000408,1.17958699954,-0.599306999903,-0.0287859998437,0.367777016154,-0.20289900001,0.29090499981,0.157457000444,-0.00290899983535,-0.509404999622,0.000294999954704,-0.000982999820321,0.102550999549,0.0,1.31952500429,-2.79950999975,2.08974899877,-2.16471200091,2.38634900018,1.30157900037,0.645525000297,0.0,0.531919997494,-0.725807994626,right_gripper,0.0196532327836,-0.00183222136719,0.404512150862,0.287956909062,0.731017803669,0.326315110154,0.525558976832
joint_states,-7.99953816859e-06,0.0184869999526,-0.573821001009,1.1886570015,-0.614845000578,-0.020199000641,1.09991439937e-05,0.0184979993632,-0.573827998872,1.18866700105,-0.614849001144,-0.0202100007612,0.930755022417,-0.202894000164,0.290902999813,0.157454000674,-0.00290900114696,-0.509404998916,0.000294999911442,-0.000982999998102,0.102550998798,-2.61273642446e-12,1.28164599869,-2.7995079987,2.2337730051,-1.9971839929,2.34460999861,1.30157900061,0.645410001206,0.0,0.424936996654,-0.82989000534,right_gripper,0.0198647659417,0.000198336052421,0.455710927416,0.325194827769,0.754113751594,0.308340317346,0.480090639722
